time,round_number,time_used,performance_rps,cpu0 GHz,cpu1 GHz,cpu2 GHz,cpu3 GHz,cpu4 GHz,cpu5 GHz,cpu6 GHz,cpu7 GHz,cpu0 governor,cpu1 governor,cpu2 governor,cpu3 governor,cpu4 governor,cpu5 governor,cpu6 governor,cpu7 governor,fan_speed (x1000),thermal0 (x10),thermal1 (x10),thermal2 (x10),thermal3 (x10),thermal4 (x10),thermal5 (x10),thermal6 (x10)
2018-07-22T18:16:37+1000,1,1.000108774,0.9998912378304962,2.3687959999999997,2.360591,2.310505,2.3101100000000003,2.393884,2.3020140000000002,2.354254,2.374605,powersave,powersave,powersave,powersave,powersave,powersave,powersave,powersave,0.0,3.8,2.0,2.7,3.7,3.2,3.7,4.0
2018-07-22T18:16:38+1000,2,1.000078155,0.9999218511077267,3.035231,3.0687689999999996,3.143334,3.06762,3.017148,3.121632,3.15494,3.049831,powersave,powersave,powersave,powersave,powersave,powersave,powersave,powersave,0.0,3.85,2.0,2.6,3.7,3.2,3.7,4.5
2018-07-22T18:16:39+1000,3,1.000529774,0.9994705065118831,1.43924,1.5598219999999998,1.2102819999999999,1.46333,1.457859,1.265577,1.338114,1.2572860000000001,powersave,powersave,powersave,powersave,powersave,powersave,powersave,powersave,0.0,3.8,2.0,2.6,3.7,3.2,3.7,3.6
2018-07-22T18:16:40+1000,4,1.000643902,0.9993565123429894,0.800451,0.8000259999999999,0.800312,0.800293,0.800339,0.801532,0.800396,0.800439,powersave,powersave,powersave,powersave,powersave,powersave,powersave,powersave,0.0,3.8,2.0,2.8,3.7,3.2,3.7,3.6
2018-07-22T18:16:41+1000,5,1.0003403,0.9996598157646953,0.800454,0.80001,0.800551,0.800148,0.800449,0.801882,0.800129,0.8001950000000001,powersave,powersave,powersave,powersave,powersave,powersave,powersave,powersave,0.0,3.75,2.0,2.6,3.7,3.2,3.7,3.6
2018-07-22T18:16:42+1000,6,1.0006498,0.9993506219658467,0.940798,0.942973,0.905813,0.888141,0.9320700000000001,1.0758230000000002,0.9298379999999999,0.926819,powersave,powersave,powersave,powersave,powersave,powersave,powersave,powersave,0.0,3.75,2.0,2.8,3.7,3.2,3.7,3.6
2018-07-22T18:16:43+1000,7,1.000730652,0.9992698814625695,0.800385,0.800008,0.800353,0.800049,0.8004410000000001,0.801479,0.800439,0.800396,powersave,powersave,powersave,powersave,powersave,powersave,powersave,powersave,0.0,3.75,2.0,2.7,3.7,3.2,3.7,3.6
2018-07-22T18:16:44+1000,8,1.00031985,0.9996802522713111,2.17531,0.85046,0.827948,1.285808,1.621149,0.864193,0.8485410000000001,2.135747,powersave,powersave,powersave,powersave,powersave,powersave,powersave,powersave,0.0,3.75,2.0,2.6,3.7,3.2,3.7,3.6
2018-07-22T18:16:45+1000,9,1.000679385,0.9993210762506115,0.800059,0.8000170000000001,0.800158,0.8001090000000001,0.80035,0.800428,0.800234,0.800134,powersave,powersave,powersave,powersave,powersave,powersave,powersave,powersave,0.0,3.75,2.0,2.7,3.7,3.2,3.7,3.5
2018-07-22T18:16:46+1000,10,1.000642898,0.999357515052288,0.80032,0.800012,0.8,0.8002480000000001,0.800395,0.800509,0.8002400000000001,0.800292,powersave,powersave,powersave,powersave,powersave,powersave,powersave,powersave,0.0,3.75,2.0,2.6,3.7,3.2,3.7,3.6
2018-07-22T18:16:47+1000,11,1.000625293,0.9993750977470046,0.800352,0.8,0.8002469999999999,0.8003830000000001,0.8002440000000001,0.8011029999999999,0.800384,0.8003899999999999,powersave,powersave,powersave,powersave,powersave,powersave,powersave,powersave,0.0,3.75,2.0,2.6,3.7,3.2,3.7,3.5
2018-07-22T18:16:48+1000,12,1.000703622,0.9992968727358118,0.600105,0.600011,0.6002670000000001,0.600229,0.6003010000000001,0.6012179999999999,0.600259,0.6,powersave,powersave,powersave,powersave,powersave,powersave,powersave,powersave,0.0,3.75,2.0,2.6,3.7,3.2,3.7,3.6
2018-07-22T18:16:49+1000,13,1.000642381,0.9993580313884386,0.8003129999999999,0.800012,0.800245,0.800042,0.8002910000000001,0.8013640000000001,0.800387,0.800123,powersave,powersave,powersave,powersave,powersave,powersave,powersave,powersave,0.0,3.75,2.0,2.6,3.7,3.2,3.7,3.5
2018-07-22T18:16:50+1000,14,1.000644792,0.9993556234888195,0.742922,0.753866,0.7003039999999999,0.700125,0.7,0.704352,0.700258,0.700172,powersave,powersave,powersave,powersave,powersave,powersave,powersave,powersave,0.0,3.75,2.0,2.6,3.7,3.2,3.7,3.6
2018-07-22T18:16:51+1000,15,1.000735623,0.9992649177434149,0.7000040000000001,0.700018,0.700022,0.700059,0.700006,0.701006,0.700105,0.700156,powersave,powersave,powersave,powersave,powersave,powersave,powersave,powersave,0.0,3.75,2.0,2.6,3.7,3.2,3.7,3.5
2018-07-22T18:16:52+1000,16,1.00063892,0.9993614879581137,0.7003250000000001,0.7000109999999999,0.700196,0.7001609999999999,0.70043,0.701646,0.7001649999999999,0.700256,powersave,powersave,powersave,powersave,powersave,powersave,powersave,powersave,0.0,3.75,2.0,2.6,3.7,3.1,3.7,3.5
2018-07-22T18:16:53+1000,17,1.000527229,0.9994730488239416,0.800276,0.800012,0.800148,0.800049,0.800299,0.8013899999999999,0.800243,0.8002910000000001,powersave,powersave,powersave,powersave,powersave,powersave,powersave,powersave,0.0,3.75,2.0,2.6,3.7,3.1,3.7,3.5
2018-07-22T18:16:54+1000,18,1.000638483,0.9993619244004232,0.639043,0.6159,0.646477,0.64612,0.64666,0.632459,0.646248,0.648342,powersave,powersave,powersave,powersave,powersave,powersave,powersave,powersave,0.0,3.75,2.0,2.6,3.7,3.1,3.7,3.5
2018-07-22T18:16:55+1000,19,1.000256884,0.9997431819724423,0.800034,0.80001,0.80004,0.800163,0.800342,0.80175,0.800101,0.800048,powersave,powersave,powersave,powersave,powersave,powersave,powersave,powersave,0.0,3.75,2.0,2.6,3.7,3.1,3.7,3.5
2018-07-22T18:16:56+1000,20,1.000293508,0.9997065781216687,0.7002200000000001,0.700009,0.700087,0.700387,0.700367,0.701385,0.700155,0.700437,powersave,powersave,powersave,powersave,powersave,powersave,powersave,powersave,0.0,3.75,2.0,2.6,3.7,3.1,3.7,3.5
2018-07-22T18:16:57+1000,21,1.000320118,0.9996799844427401,0.700261,0.7000069999999999,0.700086,0.70033,0.700375,0.701198,0.700131,0.7003630000000001,powersave,powersave,powersave,powersave,powersave,powersave,powersave,powersave,0.0,3.75,2.0,2.6,3.7,3.1,3.7,3.5
2018-07-22T18:16:58+1000,22,1.000297405,0.9997026834234365,0.700167,0.700009,0.700074,0.70023,0.700116,0.7004859999999999,0.7002269999999999,0.7000040000000001,powersave,powersave,powersave,powersave,powersave,powersave,powersave,powersave,0.0,3.75,2.0,2.6,3.7,3.1,3.7,3.5
2018-07-22T18:16:59+1000,23,1.000302516,0.9996975754882536,0.8003250000000001,0.800016,0.8001159999999999,0.800086,0.8000750000000001,0.801509,0.800238,0.8000839999999999,powersave,powersave,powersave,powersave,powersave,powersave,powersave,powersave,0.0,3.75,2.0,2.6,3.7,3.1,3.7,3.5
2018-07-22T18:17:00+1000,24,1.000205794,0.9997942483424567,2.3340199999999998,2.062442,1.806635,1.923842,2.0759250000000002,2.219662,2.336215,1.0560070000000001,powersave,powersave,powersave,powersave,powersave,powersave,powersave,powersave,0.0,3.75,2.0,2.6,3.7,3.1,3.7,3.5
2018-07-22T18:17:01+1000,25,1.000426392,0.9995737897326482,0.700183,0.70001,0.700101,0.700249,0.700261,0.700656,0.7002970000000001,0.700296,powersave,powersave,powersave,powersave,powersave,powersave,powersave,powersave,0.0,3.75,2.0,2.6,3.7,3.1,3.7,3.5
2018-07-22T18:17:02+1000,26,1.000310358,0.9996897382922032,0.700028,0.700032,0.700063,0.700034,0.700017,0.700043,0.700099,0.700036,powersave,powersave,powersave,powersave,powersave,powersave,powersave,powersave,0.0,3.75,2.0,2.6,3.7,3.1,3.7,3.5
2018-07-22T18:17:03+1000,27,1.00031343,0.9996866682075837,0.700064,0.700017,0.700145,0.700312,0.700157,0.700174,0.7000449999999999,0.700387,powersave,powersave,powersave,powersave,powersave,powersave,powersave,powersave,0.0,3.7,2.0,2.6,3.7,3.1,3.7,3.5
2018-07-22T18:17:04+1000,28,1.000627025,0.9993733679139837,0.700164,0.7000080000000001,0.700295,0.700251,0.700337,0.701228,0.700167,0.70045,powersave,powersave,powersave,powersave,powersave,powersave,powersave,powersave,0.0,3.7,2.0,2.6,3.7,3.1,3.7,3.5
2018-07-22T18:17:05+1000,29,1.000662382,0.9993380564594863,0.7003010000000001,0.695783,0.700211,0.700229,0.700409,0.7003440000000001,0.682888,0.648279,powersave,powersave,powersave,powersave,powersave,powersave,powersave,powersave,0.0,3.7,2.0,2.6,3.7,3.1,3.7,3.4
2018-07-22T18:17:06+1000,30,1.000627492,0.9993729014992924,0.700178,0.700014,0.700173,0.7003189999999999,0.700336,0.7009890000000001,0.700292,0.7003400000000001,powersave,powersave,powersave,powersave,powersave,powersave,powersave,powersave,0.0,3.7,2.0,2.6,3.7,3.1,3.7,3.5
2018-07-22T18:17:07+1000,31,1.000665046,0.999335395992237,0.700233,0.700009,0.700237,0.7001459999999999,0.7002390000000001,0.701717,0.7004049999999999,0.700155,powersave,powersave,powersave,powersave,powersave,powersave,powersave,powersave,0.0,3.65,2.0,2.6,3.7,3.1,3.7,3.4
2018-07-22T18:17:08+1000,32,1.000677189,0.9993232692746032,0.700098,0.7000109999999999,0.700071,0.700141,0.700268,0.701152,0.700341,0.7002670000000001,powersave,powersave,powersave,powersave,powersave,powersave,powersave,powersave,0.0,3.7,2.0,2.6,3.7,3.1,3.7,3.4
2018-07-22T18:17:09+1000,33,1.000635432,0.9993649715174188,0.700296,0.700012,0.700132,0.7001989999999999,0.700346,0.70128,0.700245,0.700032,powersave,powersave,powersave,powersave,powersave,powersave,powersave,powersave,0.0,3.7,2.0,2.6,3.6,3.1,3.6,3.4
2018-07-22T18:17:10+1000,34,1.000721299,0.999279220897246,0.700232,0.7000040000000001,0.700236,0.700341,0.699899,0.7000689999999999,0.70009,0.700241,powersave,powersave,powersave,powersave,powersave,powersave,powersave,powersave,0.0,3.65,2.0,2.6,3.6,3.1,3.6,3.4
2018-07-22T18:17:11+1000,35,1.0006964,0.9993040846354598,0.600281,0.600015,0.6003869999999999,0.600303,0.6003419999999999,0.6010460000000001,0.600226,0.600264,powersave,powersave,powersave,powersave,powersave,powersave,powersave,powersave,0.0,3.65,2.0,2.6,3.6,3.1,3.6,3.4
2018-07-22T18:17:12+1000,36,1.000244319,0.9997557406771934,1.707779,1.1155760000000001,1.01897,1.0302,0.7103659999999999,1.478585,0.713055,1.034933,powersave,powersave,powersave,powersave,powersave,powersave,powersave,powersave,0.0,3.65,2.0,2.8,3.6,3.1,3.6,3.6
2018-07-22T18:17:14+1000,37,1.000364792,0.9996353410246769,2.069477,2.0665940000000003,2.050381,2.046497,2.1867550000000002,2.081217,2.163236,2.050927,powersave,powersave,powersave,powersave,powersave,powersave,powersave,powersave,0.0,3.65,2.0,2.7,3.6,3.1,3.6,3.5
2018-07-22T18:17:15+1000,38,1.000385712,0.9996144367163853,0.86311,0.786744,0.854487,0.747831,0.746866,0.75986,0.763832,0.746316,powersave,powersave,powersave,powersave,powersave,powersave,powersave,powersave,0.0,3.65,2.0,2.6,3.6,3.1,3.6,3.5
2018-07-22T18:17:16+1000,39,1.00058987,0.9994104777414946,0.800312,0.800014,0.800147,0.800097,0.800198,0.8019400000000001,0.80038,0.800192,powersave,powersave,powersave,powersave,powersave,powersave,powersave,powersave,0.0,3.65,2.0,2.6,3.6,3.1,3.6,3.4
2018-07-22T18:17:17+1000,40,1.000499282,0.9995009671581153,0.700123,0.7000149999999999,0.700155,0.700206,0.70024,0.700921,0.70028,0.7000919999999999,powersave,powersave,powersave,powersave,powersave,powersave,powersave,powersave,0.0,3.65,2.0,2.6,3.6,3.1,3.6,3.4
2018-07-22T18:17:18+1000,41,1.000609053,0.9993913177197687,0.7002659999999999,0.700012,0.700255,0.700388,0.700519,0.70114,0.700054,0.7003769999999999,powersave,powersave,powersave,powersave,powersave,powersave,powersave,powersave,0.0,3.65,2.0,2.6,3.6,3.1,3.6,3.4
2018-07-22T18:17:19+1000,42,1.000406947,0.9995932185384954,0.700258,0.700014,0.700028,0.700245,0.7001839999999999,0.701387,0.70017,0.700218,powersave,powersave,powersave,powersave,powersave,powersave,powersave,powersave,0.0,3.65,2.0,2.6,3.6,3.1,3.6,3.4
2018-07-22T18:17:20+1000,43,1.000610143,0.9993902290474782,1.7760930000000001,1.018379,0.810111,0.855645,0.888659,0.834098,0.876222,0.915744,powersave,powersave,powersave,powersave,powersave,powersave,powersave,powersave,0.0,3.65,2.0,2.6,3.6,3.1,3.6,3.5
2018-07-22T18:17:21+1000,44,1.000613712,0.9993866644114107,0.800163,0.8000320000000001,0.800162,0.800136,0.800235,0.800408,0.8003060000000001,0.800257,powersave,powersave,powersave,powersave,powersave,powersave,powersave,powersave,0.0,3.65,2.0,2.6,3.6,3.1,3.6,3.4
2018-07-22T18:17:22+1000,45,1.000618137,0.9993822448573106,0.70005,0.700012,0.7002039999999999,0.70031,0.70028,0.701539,0.7002039999999999,0.70012,powersave,powersave,powersave,powersave,powersave,powersave,powersave,powersave,0.0,3.65,2.0,2.7,3.6,3.1,3.6,3.4
2018-07-22T18:17:23+1000,46,1.000652931,0.9993474950407155,0.700106,0.700017,0.700207,0.7002809999999999,0.700173,0.701534,0.70013,0.7002269999999999,powersave,powersave,powersave,powersave,powersave,powersave,powersave,powersave,0.0,3.65,2.0,2.6,3.6,3.1,3.6,3.4
2018-07-22T18:17:24+1000,47,1.000643702,0.999356712085717,0.7002200000000001,0.7000080000000001,0.70016,0.7003429999999999,0.70027,0.701238,0.700236,0.7001609999999999,powersave,powersave,powersave,powersave,powersave,powersave,powersave,powersave,0.0,3.65,2.0,2.6,3.6,3.1,3.6,3.3
2018-07-22T18:17:25+1000,48,1.000622214,0.9993781729095212,0.700259,0.700012,0.700061,0.700093,0.7002480000000001,0.701114,0.700061,0.700213,powersave,powersave,powersave,powersave,powersave,powersave,powersave,powersave,0.0,3.65,2.0,2.6,3.6,3.1,3.6,3.4
2018-07-22T18:17:26+1000,49,1.000201752,0.9997982886956591,0.701175,0.709408,0.701382,0.700188,0.7236480000000001,0.70012,0.726607,0.700133,powersave,powersave,powersave,powersave,powersave,powersave,powersave,powersave,0.0,3.65,2.0,2.6,3.6,3.0,3.6,3.3
2018-07-22T18:17:27+1000,50,1.000664914,0.9993355278168573,0.6447390000000001,0.655302,0.647187,0.6465080000000001,0.646634,0.635587,0.646633,0.647121,powersave,powersave,powersave,powersave,powersave,powersave,powersave,powersave,0.0,3.65,2.0,2.6,3.6,3.0,3.6,3.4
2018-07-22T18:17:28+1000,51,1.000481794,0.9995184380136757,0.747082,0.7077319999999999,0.700219,0.700071,0.7002010000000001,0.701463,0.7003590000000001,0.700382,powersave,powersave,powersave,powersave,powersave,powersave,powersave,powersave,0.0,3.6,2.0,2.6,3.6,3.0,3.6,3.4
2018-07-22T18:17:29+1000,52,1.000161993,0.9998380332374817,0.801295,0.8000879999999999,0.801963,0.800615,0.802169,0.8020320000000001,0.800147,0.801304,powersave,powersave,powersave,powersave,powersave,powersave,powersave,powersave,0.0,3.65,2.0,2.8,3.6,3.0,3.6,3.4
2018-07-22T18:17:30+1000,53,1.000114302,0.9998857110634539,0.801319,0.800009,0.800818,0.800347,0.800732,0.8021699999999999,0.800415,0.800504,powersave,powersave,powersave,powersave,powersave,powersave,powersave,powersave,0.0,3.65,2.0,2.7,3.6,3.0,3.6,3.4
2018-07-22T18:17:31+1000,54,1.00024853,0.9997515317518139,0.70036,0.70001,0.700317,0.7000660000000001,0.700247,0.7001689999999999,0.700053,0.700288,powersave,powersave,powersave,powersave,powersave,powersave,powersave,powersave,0.0,3.65,2.0,2.6,3.6,3.0,3.6,3.4
2018-07-22T18:17:32+1000,55,1.000287798,0.999712284803858,0.700217,0.700014,0.700142,0.700159,0.700264,0.700929,0.700288,0.7003039999999999,powersave,powersave,powersave,powersave,powersave,powersave,powersave,powersave,0.0,3.65,2.0,2.6,3.6,3.0,3.6,3.4
2018-07-22T18:17:33+1000,56,1.000382707,0.9996174394086162,0.700284,0.700009,0.700185,0.700245,0.700277,0.701284,0.699995,0.700221,powersave,powersave,powersave,powersave,powersave,powersave,powersave,powersave,0.0,3.65,2.0,2.6,3.6,3.0,3.6,3.3
2018-07-22T18:17:34+1000,57,1.000217627,0.9997824203512061,0.700181,0.7000069999999999,0.700111,0.700179,0.700353,0.701463,0.70013,0.700203,powersave,powersave,powersave,powersave,powersave,powersave,powersave,powersave,0.0,3.6,2.0,2.6,3.6,3.0,3.6,3.3
2018-07-22T18:17:35+1000,58,1.000474807,0.9995254183346968,0.800365,0.800006,0.800501,0.800495,0.800197,0.801106,0.800387,0.8004349999999999,powersave,powersave,powersave,powersave,powersave,powersave,powersave,powersave,0.0,3.65,2.0,2.6,3.6,3.0,3.6,3.3
2018-07-22T18:17:36+1000,59,1.000246983,0.9997530779855399,0.800318,0.8000170000000001,0.800304,0.8002480000000001,0.800145,0.801424,0.800381,0.800095,powersave,powersave,powersave,powersave,powersave,powersave,powersave,powersave,0.0,3.65,2.0,2.6,3.6,3.0,3.6,3.3
2018-07-22T18:17:37+1000,60,1.000586828,0.9994135161651357,0.700206,0.7000069999999999,0.700341,0.700361,0.70047,0.701853,0.700357,0.700265,powersave,powersave,powersave,powersave,powersave,powersave,powersave,powersave,0.0,3.6,2.0,2.6,3.6,3.0,3.6,3.4
2018-07-22T18:17:38+1000,61,1.000578347,0.9994219872919157,0.700016,0.700013,0.700455,0.700226,0.7002999999999999,0.701121,0.7000660000000001,0.70035,powersave,powersave,powersave,powersave,powersave,powersave,powersave,powersave,0.0,3.65,2.0,2.6,3.6,3.0,3.6,3.3
2018-07-22T18:17:39+1000,62,1.000290724,0.9997093604958791,0.700185,0.700005,0.700225,0.700177,0.700228,0.700299,0.700054,0.700212,powersave,powersave,powersave,powersave,powersave,powersave,powersave,powersave,0.0,3.6,2.0,2.6,3.6,3.0,3.6,3.3
2018-07-22T18:17:40+1000,63,1.000163668,0.9998363587828308,0.700261,0.700018,0.7003630000000001,0.700331,0.7002430000000001,0.7011029999999999,0.700455,0.7001539999999999,powersave,powersave,powersave,powersave,powersave,powersave,powersave,powersave,0.0,3.6,2.0,2.7,3.6,3.0,3.6,3.3
2018-07-22T18:17:41+1000,64,1.000537854,0.9994624351314148,0.700236,0.700016,0.700295,0.7003339999999999,0.700097,0.701059,0.700176,0.700357,powersave,powersave,powersave,powersave,powersave,powersave,powersave,powersave,0.0,3.6,2.0,2.7,3.6,3.0,3.6,3.3
2018-07-22T18:17:42+1000,65,1.000204486,0.9997955558059756,0.6001559999999999,0.600081,0.6000059999999999,0.600394,0.6002759999999999,0.600193,0.6014700000000001,0.600226,powersave,powersave,powersave,powersave,powersave,powersave,powersave,powersave,0.0,3.6,2.0,2.7,3.6,3.0,3.6,3.3
2018-07-22T18:17:43+1000,66,1.000494283,0.9995059611949826,0.700316,0.700014,0.700058,0.700073,0.7001369999999999,0.701323,0.7000890000000001,0.700096,powersave,powersave,powersave,powersave,powersave,powersave,powersave,powersave,0.0,3.6,2.0,2.6,3.6,3.0,3.6,3.3
2018-07-22T18:17:44+1000,67,1.000447692,0.9995525083384369,0.645361,0.643442,0.647036,0.646242,0.647135,0.6358210000000001,0.64586,0.6484589999999999,powersave,powersave,powersave,powersave,powersave,powersave,powersave,powersave,0.0,3.6,2.0,2.6,3.6,3.0,3.6,3.3
2018-07-22T18:17:45+1000,68,1.000533413,0.9994668713777377,0.700183,0.700005,0.7,0.7002039999999999,0.700323,0.701351,0.700469,0.700373,powersave,powersave,powersave,powersave,powersave,powersave,powersave,powersave,0.0,3.65,2.0,2.6,3.6,3.0,3.6,3.3
2018-07-22T18:17:46+1000,69,1.000141584,0.9998584360431911,0.700333,0.699995,0.700062,0.700167,0.700132,0.700105,0.700036,0.700054,powersave,powersave,powersave,powersave,powersave,powersave,powersave,powersave,0.0,3.65,2.0,2.6,3.6,3.0,3.6,3.3
2018-07-22T18:17:47+1000,70,1.000443993,0.9995562040422987,0.7001130000000001,0.700013,0.700214,0.700254,0.700324,0.701268,0.700129,0.700523,powersave,powersave,powersave,powersave,powersave,powersave,powersave,powersave,0.0,3.6,2.0,2.6,3.6,3.0,3.6,3.3
2018-07-22T18:17:48+1000,71,1.000133191,0.9998668267374801,0.7001069999999999,0.7,0.700212,0.7003980000000001,0.700229,0.7014750000000001,0.7001130000000001,0.700316,powersave,powersave,powersave,powersave,powersave,powersave,powersave,powersave,0.0,3.6,2.0,2.6,3.6,3.0,3.6,3.3
2018-07-22T18:17:50+1000,72,1.000161777,0.9998382491675645,1.792202,0.947352,1.114704,2.296697,0.821843,0.878159,1.322084,0.7170599999999999,powersave,powersave,powersave,powersave,powersave,powersave,powersave,powersave,0.0,3.6,2.0,2.6,3.6,3.0,3.6,3.5
2018-07-22T18:17:51+1000,73,1.000395568,0.9996045884121709,1.861093,1.8504960000000001,1.844202,1.8412709999999999,1.8446790000000002,1.880536,1.973923,1.842146,powersave,powersave,powersave,powersave,powersave,powersave,powersave,powersave,0.0,3.6,2.0,2.6,3.6,3.0,3.6,3.3
2018-07-22T18:17:52+1000,74,1.000283063,0.9997170171019881,1.250961,1.184731,1.022896,1.020226,1.032748,1.122753,1.025764,1.015653,powersave,powersave,powersave,powersave,powersave,powersave,powersave,powersave,0.0,3.6,2.0,2.6,3.6,3.0,3.6,3.3
2018-07-22T18:17:53+1000,75,1.000317383,0.9996827177000082,0.700376,0.700014,0.700172,0.700108,0.700131,0.701491,0.700056,0.700082,powersave,powersave,powersave,powersave,powersave,powersave,powersave,powersave,0.0,3.6,2.0,2.6,3.6,3.0,3.6,3.4
2018-07-22T18:17:54+1000,76,1.00056856,0.999431763076785,1.043254,0.998537,1.023477,1.02054,0.930155,0.830342,0.851155,0.9264220000000001,powersave,powersave,powersave,powersave,powersave,powersave,powersave,powersave,0.0,3.6,2.0,2.6,3.6,3.0,3.6,3.3
2018-07-22T18:17:55+1000,77,1.000609689,0.9993906824941807,0.700173,0.700013,0.700037,0.700039,0.700087,0.700135,0.700031,0.700203,powersave,powersave,powersave,powersave,powersave,powersave,powersave,powersave,0.0,3.6,2.0,2.6,3.6,3.0,3.6,3.3
2018-07-22T18:17:56+1000,78,1.000577741,0.9994225925919332,1.047369,0.943141,0.931144,0.927817,0.927601,0.968997,0.933903,0.928163,powersave,powersave,powersave,powersave,powersave,powersave,powersave,powersave,0.0,3.6,2.0,2.6,3.6,3.0,3.6,3.3
2018-07-22T18:17:57+1000,79,1.0005461,0.9994541980624381,0.800219,0.80001,0.800299,0.80029,0.800601,0.8015869999999999,0.800293,0.800246,powersave,powersave,powersave,powersave,powersave,powersave,powersave,powersave,0.0,3.55,2.0,2.7,3.6,3.0,3.6,3.3
2018-07-22T18:17:58+1000,80,1.00054066,0.999459632155279,0.8000900000000001,0.800006,0.800397,0.800338,0.800246,0.801145,0.800239,0.800145,powersave,powersave,powersave,powersave,powersave,powersave,powersave,powersave,0.0,3.6,2.0,2.6,3.6,3.0,3.6,3.3
2018-07-22T18:17:59+1000,81,1.000295823,0.9997042644853671,0.70027,0.700049,0.700014,0.7000230000000001,0.700311,0.700191,0.700072,0.700192,powersave,powersave,powersave,powersave,powersave,powersave,powersave,powersave,0.0,3.6,2.0,2.6,3.5,3.0,3.5,3.4
2018-07-22T18:18:00+1000,82,1.000582966,0.9994173736513519,0.7419349999999999,0.752615,0.745519,0.74594,0.745324,0.7338579999999999,0.744737,0.746699,powersave,powersave,powersave,powersave,powersave,powersave,powersave,powersave,0.0,3.6,2.0,2.6,3.5,3.0,3.5,3.3
2018-07-22T18:18:01+1000,83,1.000582869,0.9994174705383647,0.800132,0.800012,0.800458,0.800048,0.800442,0.8021240000000001,0.800095,0.800147,powersave,powersave,powersave,powersave,powersave,powersave,powersave,powersave,0.0,3.6,2.0,2.6,3.5,3.0,3.5,3.3
2018-07-22T18:18:02+1000,84,1.000576113,0.9994242187150835,0.800534,0.800018,0.800149,0.8003429999999999,0.8001929999999999,0.8006989999999999,0.800191,0.800196,powersave,powersave,powersave,powersave,powersave,powersave,powersave,powersave,0.0,3.6,2.0,2.6,3.5,3.0,3.5,3.3
2018-07-22T18:18:03+1000,85,1.000537336,0.9994629525749151,0.644351,0.645295,0.6003160000000001,0.6004160000000001,0.600193,0.604234,0.672376,0.6004160000000001,powersave,powersave,powersave,powersave,powersave,powersave,powersave,powersave,0.0,3.6,2.0,2.6,3.5,3.0,3.5,3.3
2018-07-22T18:18:04+1000,86,1.000529399,0.9994708811150087,0.8003150000000001,0.80001,0.8002999999999999,0.800491,0.80035,0.801104,0.799951,0.800148,powersave,powersave,powersave,powersave,powersave,powersave,powersave,powersave,0.0,3.55,2.0,2.6,3.5,3.0,3.5,3.3
2018-07-22T18:18:05+1000,87,1.000155349,0.9998446751295634,0.801865,0.8000069999999999,0.800173,0.800216,0.801447,0.801824,0.80033,0.800237,powersave,powersave,powersave,powersave,powersave,powersave,powersave,powersave,0.0,3.6,2.0,2.6,3.5,3.0,3.5,3.3
2018-07-22T18:18:06+1000,88,1.00026329,0.9997367793033773,0.800071,0.80003,0.800199,0.778974,0.741549,0.798041,0.7892319999999999,0.8000900000000001,powersave,powersave,powersave,powersave,powersave,powersave,powersave,powersave,0.0,3.55,2.0,2.6,3.5,3.0,3.5,3.3
2018-07-22T18:18:07+1000,89,1.000297812,0.9997022766655818,0.700183,0.700013,0.700371,0.700265,0.700515,0.701294,0.700307,0.700271,powersave,powersave,powersave,powersave,powersave,powersave,powersave,powersave,0.0,3.6,2.0,2.6,3.5,3.0,3.5,3.3
2018-07-22T18:18:08+1000,90,1.000534073,0.9994662120817148,1.160837,1.140118,1.057561,1.045871,1.045898,1.132698,0.9679589999999999,0.9562569999999999,powersave,powersave,powersave,powersave,powersave,powersave,powersave,powersave,0.0,3.6,2.0,2.6,3.5,3.0,3.5,3.3
2018-07-22T18:18:09+1000,91,1.000551587,0.9994487170804918,0.7003630000000001,0.7000149999999999,0.700222,0.70011,0.700256,0.7017329999999999,0.70037,0.700151,powersave,powersave,powersave,powersave,powersave,powersave,powersave,powersave,0.0,3.55,2.0,2.6,3.5,3.0,3.5,3.3
2018-07-22T18:18:10+1000,92,1.000589745,0.999410602594173,0.8002720000000001,0.8000130000000001,0.800079,0.8003899999999999,0.80035,0.8018390000000001,0.800336,0.800293,powersave,powersave,powersave,powersave,powersave,powersave,powersave,powersave,0.0,3.6,2.0,2.6,3.5,3.0,3.5,3.3
2018-07-22T18:18:11+1000,93,1.000546771,0.999453527795154,0.600069,0.600026,0.6001340000000001,0.6003780000000001,0.6002670000000001,0.6003769999999999,0.600092,0.60023,powersave,powersave,powersave,powersave,powersave,powersave,powersave,powersave,0.0,3.55,2.0,2.6,3.5,3.0,3.5,3.3
2018-07-22T18:18:12+1000,94,1.000520295,0.9994799755661128,0.600215,0.6000059999999999,0.6000789999999999,0.600259,0.600116,0.6015900000000001,0.60037,0.6004940000000001,powersave,powersave,powersave,powersave,powersave,powersave,powersave,powersave,0.0,3.55,2.0,2.6,3.5,3.0,3.5,3.3
2018-07-22T18:18:13+1000,95,1.000546985,0.9994533140290259,0.644443,0.629128,0.600308,0.600115,0.6003099999999999,0.60134,0.600262,0.6241639999999999,powersave,powersave,powersave,powersave,powersave,powersave,powersave,powersave,0.0,3.55,2.0,2.6,3.5,3.0,3.5,3.3
2018-07-22T18:18:14+1000,96,1.000507424,0.9994928333485309,0.700175,0.700012,0.7002039999999999,0.700228,0.700336,0.7013469999999999,0.700145,0.700234,powersave,powersave,powersave,powersave,powersave,powersave,powersave,powersave,0.0,3.55,2.0,2.6,3.5,3.0,3.5,3.3
2018-07-22T18:18:15+1000,97,1.000606956,0.9993934121721217,0.600245,0.600017,0.600349,0.600306,0.6416900000000001,0.631864,0.645608,0.648222,powersave,powersave,powersave,powersave,powersave,powersave,powersave,powersave,0.0,3.55,2.0,2.6,3.5,3.0,3.5,3.3
2018-07-22T18:18:16+1000,98,1.000508827,0.9994914317732452,0.700247,0.70001,0.700386,0.7002050000000001,0.700414,0.7014,0.700313,0.700375,powersave,powersave,powersave,powersave,powersave,powersave,powersave,powersave,0.0,3.55,2.0,2.6,3.5,3.0,3.5,3.2
2018-07-22T18:18:17+1000,99,1.000594322,0.9994060310088387,0.700206,0.7000190000000001,0.700093,0.700192,0.700167,0.7013630000000001,0.700151,0.700348,powersave,powersave,powersave,powersave,powersave,powersave,powersave,powersave,0.0,3.55,2.0,2.6,3.5,3.0,3.5,3.3
2018-07-22T18:18:18+1000,100,1.000588504,0.9994118421332572,0.700215,0.7000080000000001,0.700241,0.700196,0.700071,0.700625,0.700427,0.7004,powersave,powersave,powersave,powersave,powersave,powersave,powersave,powersave,0.0,3.5,2.0,2.6,3.5,3.0,3.5,3.2
2018-07-22T18:18:19+1000,101,1.000323264,0.9996768404658437,0.7002889999999999,0.700013,0.70041,0.700138,0.700431,0.7001689999999999,0.700077,0.700261,powersave,powersave,powersave,powersave,powersave,powersave,powersave,powersave,0.0,3.55,2.0,2.6,3.5,3.0,3.5,3.2
2018-07-22T18:18:20+1000,102,1.000549589,0.9994507128821578,0.700265,0.7000109999999999,0.700159,0.7001040000000001,0.700252,0.701612,0.7002889999999999,0.700144,powersave,powersave,powersave,powersave,powersave,powersave,powersave,powersave,0.0,3.5,2.0,2.6,3.5,3.0,3.5,3.2
2018-07-22T18:18:21+1000,103,1.000594124,0.999406228773736,0.700357,0.700014,0.700326,0.7001860000000001,0.70024,0.7012970000000001,0.700194,0.647749,powersave,powersave,powersave,powersave,powersave,powersave,powersave,powersave,0.0,3.55,2.0,2.6,3.5,3.0,3.5,3.2
2018-07-22T18:18:22+1000,104,1.000612257,0.9993881176292646,0.700172,0.7000069999999999,0.70024,0.7000879999999999,0.700142,0.70164,0.700155,0.700134,powersave,powersave,powersave,powersave,powersave,powersave,powersave,powersave,0.0,3.55,2.0,2.6,3.5,3.0,3.5,3.3
2018-07-22T18:18:23+1000,105,1.0005721,0.9994282271112696,0.700195,0.7000109999999999,0.700139,0.7003039999999999,0.700283,0.701067,0.700031,0.700438,powersave,powersave,powersave,powersave,powersave,powersave,powersave,powersave,0.0,3.55,2.0,2.6,3.5,3.0,3.5,3.2
2018-07-22T18:18:24+1000,106,1.000589839,0.9994105087049558,0.542089,0.5561799999999999,0.5438350000000001,0.5449299999999999,0.545424,0.586101,0.592215,0.546395,powersave,powersave,powersave,powersave,powersave,powersave,powersave,powersave,0.0,3.55,2.0,2.6,3.5,3.0,3.5,3.3
2018-07-22T18:18:25+1000,107,1.000592944,0.9994074073742418,0.700152,0.700014,0.7002039999999999,0.700321,0.700206,0.7015950000000001,0.7001430000000001,0.700129,powersave,powersave,powersave,powersave,powersave,powersave,powersave,powersave,0.0,3.5,2.0,2.6,3.5,3.0,3.5,3.2
2018-07-22T18:18:27+1000,108,1.000178814,0.99982121796873,2.300312,2.300064,2.300115,2.300052,2.3004029999999998,2.300402,2.3000390000000004,2.3000030000000002,powersave,powersave,powersave,powersave,powersave,powersave,powersave,powersave,0.0,3.55,2.0,2.6,3.5,3.0,3.5,3.4
2018-07-22T18:18:28+1000,109,1.00012723,0.9998727861854138,2.004585,1.960014,2.00647,1.971143,1.968269,2.056655,2.061579,2.135498,powersave,powersave,powersave,powersave,powersave,powersave,powersave,powersave,0.0,3.55,2.0,2.6,3.5,3.0,3.5,3.3
2018-07-22T18:18:29+1000,110,1.000334434,0.9996656778087077,0.800133,0.800016,0.800439,0.800107,0.800396,0.8013170000000001,0.800141,0.8001309999999999,powersave,powersave,powersave,powersave,powersave,powersave,powersave,powersave,0.0,3.55,2.0,2.6,3.5,3.0,3.5,3.2
2018-07-22T18:18:30+1000,111,1.000591901,0.9994084491395459,1.052779,1.118043,1.026056,1.029547,1.023761,1.107443,1.031961,1.016836,powersave,powersave,powersave,powersave,powersave,powersave,powersave,powersave,0.0,3.55,2.0,2.6,3.5,3.0,3.5,3.2
2018-07-22T18:18:31+1000,112,1.000181514,0.9998185189413528,0.800227,0.784485,0.7481230000000001,0.7468469999999999,0.737297,0.7028479999999999,0.7000080000000001,0.7005,powersave,powersave,powersave,powersave,powersave,powersave,powersave,powersave,0.0,3.5,2.0,2.6,3.5,3.0,3.5,3.2
2018-07-22T18:18:32+1000,113,1.000584335,0.999416006247989,0.7002889999999999,0.700013,0.700194,0.700449,0.70033,0.701315,0.700305,0.700198,powersave,powersave,powersave,powersave,powersave,powersave,powersave,powersave,0.0,3.5,2.0,2.6,3.5,3.0,3.5,3.2
2018-07-22T18:18:33+1000,114,1.000587732,0.9994126132260034,0.700403,0.70001,0.700295,0.7000599999999999,0.700342,0.700868,0.74461,0.754072,powersave,powersave,powersave,powersave,powersave,powersave,powersave,powersave,0.0,3.5,2.0,2.6,3.5,3.0,3.5,3.3
2018-07-22T18:18:34+1000,115,1.000571819,0.9994285077901041,0.826899,0.80118,0.800308,0.800245,0.800243,0.801438,0.800376,0.800095,powersave,powersave,powersave,powersave,powersave,powersave,powersave,powersave,0.0,3.5,2.0,2.6,3.5,3.0,3.5,3.2
2018-07-22T18:18:35+1000,116,1.000254533,0.9997455317705619,1.047765,1.035095,1.0276569999999998,1.027268,1.0835489999999999,1.098335,1.028027,0.924942,powersave,powersave,powersave,powersave,powersave,powersave,powersave,powersave,0.0,3.5,2.0,2.6,3.5,3.0,3.5,3.2
2018-07-22T18:18:36+1000,117,1.00059209,0.9994082603631216,0.8000900000000001,0.800006,0.800501,0.80043,0.8001950000000001,0.801063,0.800337,0.7805829999999999,powersave,powersave,powersave,powersave,powersave,powersave,powersave,powersave,0.0,3.5,2.0,2.6,3.5,3.0,3.5,3.3
2018-07-22T18:18:37+1000,118,1.000592097,0.9994082533714036,0.8000879999999999,0.800008,0.800199,0.800098,0.800345,0.801274,0.800342,0.800341,powersave,powersave,powersave,powersave,powersave,powersave,powersave,powersave,0.0,3.55,2.0,2.6,3.5,3.0,3.5,3.2
2018-07-22T18:18:38+1000,119,1.00061339,0.9993869860166472,0.70008,0.700012,0.700028,0.700316,0.700189,0.701799,0.700375,0.700195,powersave,powersave,powersave,powersave,powersave,powersave,powersave,powersave,0.0,3.5,2.0,2.7,3.5,3.0,3.5,3.2
2018-07-22T18:18:39+1000,120,1.000335477,0.9996646355070741,0.700099,0.7000190000000001,0.7003250000000001,0.7003429999999999,0.700261,0.7013550000000001,0.700176,0.700253,powersave,powersave,powersave,powersave,powersave,powersave,powersave,powersave,0.0,3.5,2.0,2.6,3.5,3.0,3.5,3.2
2018-07-22T18:18:40+1000,121,1.000600827,0.9993995337763198,0.700241,0.700016,0.700309,0.70021,0.7002430000000001,0.701582,0.700312,0.7002010000000001,powersave,powersave,powersave,powersave,powersave,powersave,powersave,powersave,0.0,3.5,2.0,2.6,3.5,3.0,3.5,3.2
2018-07-22T18:18:41+1000,122,1.000596565,0.9994037906776144,0.800311,0.800016,0.800702,0.800295,0.8001929999999999,0.800984,0.800164,0.800246,powersave,powersave,powersave,powersave,powersave,powersave,powersave,powersave,0.0,3.55,2.0,2.6,3.5,3.0,3.5,3.3
2018-07-22T18:18:42+1000,123,1.000594113,0.9994062397606771,0.7002849999999999,0.700016,0.7001069999999999,0.700197,0.700261,0.701188,0.700392,0.70012,powersave,powersave,powersave,powersave,powersave,powersave,powersave,powersave,0.0,3.5,2.0,2.6,3.5,3.0,3.5,3.2
2018-07-22T18:18:43+1000,124,1.000614472,0.9993859053439714,0.7001839999999999,0.700012,0.700244,0.700061,0.7001069999999999,0.701057,0.700292,0.7006789999999999,powersave,powersave,powersave,powersave,powersave,powersave,powersave,powersave,0.0,3.5,2.0,2.6,3.5,3.0,3.5,3.2
2018-07-22T18:18:44+1000,125,1.000595889,0.9994044658722359,0.700132,0.7000190000000001,0.7000810000000001,0.700326,0.700354,0.701076,0.700159,0.700328,powersave,powersave,powersave,powersave,powersave,powersave,powersave,powersave,0.0,3.55,2.0,2.6,3.5,2.9,3.5,3.2
2018-07-22T18:18:45+1000,126,1.000602771,0.9993975921140038,0.700234,0.700013,0.7003619999999999,0.700317,0.700324,0.701787,0.700115,0.7001660000000001,powersave,powersave,powersave,powersave,powersave,powersave,powersave,powersave,0.0,3.5,2.0,2.6,3.5,2.9,3.5,3.2
2018-07-22T18:18:46+1000,127,1.000348009,0.9996521120681312,0.700041,0.700006,0.700071,0.700236,0.700235,0.7003339999999999,0.700049,0.7003060000000001,powersave,powersave,powersave,powersave,powersave,powersave,powersave,powersave,0.0,3.5,2.0,2.6,3.5,2.9,3.5,3.2
2018-07-22T18:18:47+1000,128,1.000585764,0.9994145789185943,0.700121,0.7000069999999999,0.7002659999999999,0.700335,0.700414,0.700866,0.7003339999999999,0.700207,powersave,powersave,powersave,powersave,powersave,powersave,powersave,powersave,0.0,3.5,2.0,2.6,3.5,2.9,3.5,3.2
2018-07-22T18:18:48+1000,129,1.000593715,0.9994066372883424,0.700274,0.70002,0.700277,0.7003579999999999,0.700372,0.701864,0.700296,0.7002759999999999,powersave,powersave,powersave,powersave,powersave,powersave,powersave,powersave,0.0,3.5,2.0,2.7,3.5,2.9,3.5,3.2
2018-07-22T18:18:49+1000,130,1.000447432,0.9995527681058608,0.7001090000000001,0.700013,0.700052,0.700229,0.700225,0.701605,0.700356,0.700215,powersave,powersave,powersave,powersave,powersave,powersave,powersave,powersave,0.0,3.5,2.0,2.6,3.5,2.9,3.5,3.3
2018-07-22T18:18:50+1000,131,1.000604033,0.9993963316356133,0.7002079999999999,0.700013,0.700218,0.70021,0.7003060000000001,0.701273,0.7001069999999999,0.70028,powersave,powersave,powersave,powersave,powersave,powersave,powersave,powersave,0.0,3.5,2.0,2.6,3.5,2.9,3.5,3.2
2018-07-22T18:18:51+1000,132,1.000613713,0.9993866634126372,0.700387,0.7000149999999999,0.700331,0.70032,0.7001130000000001,0.70133,0.700157,0.700065,powersave,powersave,powersave,powersave,powersave,powersave,powersave,powersave,0.0,3.5,2.0,2.6,3.5,2.9,3.5,3.2
2018-07-22T18:18:52+1000,133,1.000599577,0.9994007822771646,0.64504,0.621826,0.646525,0.646577,0.6471509999999999,0.6334249999999999,0.646138,0.64855,powersave,powersave,powersave,powersave,powersave,powersave,powersave,powersave,0.0,3.5,2.0,2.6,3.5,2.9,3.5,3.2
2018-07-22T18:18:53+1000,134,1.000340613,0.9996595029777121,0.7000919999999999,0.7000299999999999,0.699985,0.700097,0.70033,0.700803,0.700253,0.700348,powersave,powersave,powersave,powersave,powersave,powersave,powersave,powersave,0.0,3.55,2.0,2.6,3.5,2.9,3.5,3.2
2018-07-22T18:18:54+1000,135,1.000588688,0.9994116583496696,0.700119,0.70001,0.700041,0.700194,0.700249,0.701302,0.700095,0.7002010000000001,powersave,powersave,powersave,powersave,powersave,powersave,powersave,powersave,0.0,3.5,2.0,2.7,3.5,2.9,3.5,3.2
2018-07-22T18:18:55+1000,136,1.000614385,0.9993859922371594,0.700245,0.7000080000000001,0.700472,0.700323,0.700277,0.70128,0.700213,0.700083,powersave,powersave,powersave,powersave,powersave,powersave,powersave,powersave,0.0,3.5,2.0,2.6,3.5,2.9,3.5,3.2
2018-07-22T18:18:56+1000,137,1.000589185,0.9994111619345557,0.7002079999999999,0.700018,0.700061,0.700426,0.700075,0.702074,0.7004,0.700156,powersave,powersave,powersave,powersave,powersave,powersave,powersave,powersave,0.0,3.5,2.0,2.6,3.5,2.9,3.5,3.2
2018-07-22T18:18:57+1000,138,1.000602382,0.9993979806456227,0.7003189999999999,0.7000069999999999,0.7002240000000001,0.700352,0.700067,0.701284,0.7005119999999999,0.700175,powersave,powersave,powersave,powersave,powersave,powersave,powersave,powersave,0.0,3.5,2.0,2.7,3.5,2.9,3.5,3.2
2018-07-22T18:18:58+1000,139,1.000469359,0.9995308611945206,0.7002889999999999,0.700006,0.700132,0.700059,0.700233,0.700859,0.700438,0.700318,powersave,powersave,powersave,powersave,powersave,powersave,powersave,powersave,0.0,3.5,2.0,2.7,3.5,2.9,3.5,3.2
2018-07-22T18:18:59+1000,140,1.000494771,0.9995054736772832,0.700374,0.700016,0.700185,0.700349,0.700348,0.7007279999999999,0.700087,0.700077,powersave,powersave,powersave,powersave,powersave,powersave,powersave,powersave,0.0,3.5,2.0,2.6,3.5,2.9,3.5,3.2
2018-07-22T18:19:00+1000,141,1.00058822,0.9994121257993622,0.7003440000000001,0.671138,0.700136,0.700203,0.700352,0.698114,0.700469,0.70023,powersave,powersave,powersave,powersave,powersave,powersave,powersave,powersave,0.0,3.5,2.0,2.6,3.5,2.9,3.5,3.2
2018-07-22T18:19:01+1000,142,1.000613671,0.9993867053611344,0.6439819999999999,0.655903,0.686083,0.6463519999999999,0.647674,0.6346609999999999,0.645561,0.648087,powersave,powersave,powersave,powersave,powersave,powersave,powersave,powersave,0.0,3.5,2.0,2.6,3.5,2.9,3.5,3.2
2018-07-22T18:19:02+1000,143,1.000313382,0.9996867161775108,0.7003189999999999,0.700012,0.7000149999999999,0.69932,0.70001,0.7014579999999999,0.700192,0.7000019999999999,powersave,powersave,powersave,powersave,powersave,powersave,powersave,powersave,0.0,3.5,2.0,2.6,3.5,2.9,3.5,3.3
2018-07-22T18:19:04+1000,144,1.000147961,0.9998520608892189,1.847633,1.628996,2.282189,2.1622280000000003,2.273908,2.1031779999999998,1.710922,1.8527639999999999,powersave,powersave,powersave,powersave,powersave,powersave,powersave,powersave,0.0,3.5,2.0,2.6,3.5,2.9,3.5,3.3
2018-07-22T18:19:05+1000,145,1.000440491,0.9995597029468892,2.16893,2.157162,1.961782,1.983547,1.962291,2.046661,2.2209630000000002,2.202571,powersave,powersave,powersave,powersave,powersave,powersave,powersave,powersave,0.0,3.5,2.0,2.6,3.5,2.9,3.5,3.2
2018-07-22T18:19:06+1000,146,1.000364828,0.9996353050509289,0.8645130000000001,0.859733,0.853494,0.853577,0.852095,0.902547,0.81648,0.845302,powersave,powersave,powersave,powersave,powersave,powersave,powersave,powersave,0.0,3.5,2.0,2.6,3.5,2.9,3.5,3.2
2018-07-22T18:19:07+1000,147,1.00039994,0.9996002198880579,0.714544,0.722352,0.702514,0.7480910000000001,0.706697,0.7645449999999999,0.7080489999999999,0.7479,powersave,powersave,powersave,powersave,powersave,powersave,powersave,powersave,0.0,3.5,2.0,2.6,3.5,2.9,3.5,3.2
2018-07-22T18:19:08+1000,148,1.00039141,0.9996087431418469,0.7001620000000001,0.7000230000000001,0.700188,0.700055,0.7001130000000001,0.7009890000000001,0.700457,0.700157,powersave,powersave,powersave,powersave,powersave,powersave,powersave,powersave,0.0,3.5,2.0,2.7,3.5,2.9,3.5,3.2
2018-07-22T18:19:09+1000,149,1.000611205,0.9993891683433627,0.700283,0.700006,0.700043,0.700231,0.700193,0.701491,0.700426,0.7002569999999999,powersave,powersave,powersave,powersave,powersave,powersave,powersave,powersave,0.0,3.5,2.0,2.7,3.5,2.9,3.5,3.2
2018-07-22T18:19:10+1000,150,1.000581442,0.9994188958783427,0.8002250000000001,0.80001,0.800351,0.800494,0.80045,0.801397,0.800239,0.800196,powersave,powersave,powersave,powersave,powersave,powersave,powersave,powersave,0.0,3.5,2.0,2.6,3.5,2.9,3.5,3.2
2018-07-22T18:19:11+1000,151,1.000619445,0.9993809384745665,0.7001369999999999,0.700012,0.7000879999999999,0.700298,0.70017,0.700484,0.7001799999999999,0.700269,powersave,powersave,powersave,powersave,powersave,powersave,powersave,powersave,0.0,3.5,2.0,2.6,3.5,2.9,3.5,3.2
2018-07-22T18:19:12+1000,152,1.000421106,0.99957907125562,0.700095,0.70001,0.700447,0.700452,0.700364,0.700722,0.700229,0.700287,powersave,powersave,powersave,powersave,powersave,powersave,powersave,powersave,0.0,3.5,2.0,2.6,3.5,2.9,3.5,3.2
2018-07-22T18:19:13+1000,153,1.000470302,0.9995299190799968,0.700268,0.700013,0.7000839999999999,0.700222,0.7002630000000001,0.701298,0.7002430000000001,0.700207,powersave,powersave,powersave,powersave,powersave,powersave,powersave,powersave,0.0,3.5,2.0,2.6,3.5,2.9,3.5,3.3
2018-07-22T18:19:14+1000,154,1.00062881,0.9993715851535395,1.6476410000000001,1.648069,1.642494,1.642786,1.645146,1.678874,1.647946,1.641704,powersave,powersave,powersave,powersave,powersave,powersave,powersave,powersave,0.0,3.5,2.0,2.6,3.5,2.9,3.5,3.2
2018-07-22T18:19:15+1000,155,1.000619905,0.9993804790441382,0.600214,0.60001,0.600193,0.6003440000000001,0.623267,0.632786,0.645097,0.64799,powersave,powersave,powersave,powersave,powersave,powersave,powersave,powersave,0.0,3.5,2.0,2.6,3.5,2.9,3.5,3.2
2018-07-22T18:19:16+1000,156,1.000595557,0.9994047974770289,0.800091,0.8000109999999999,0.800399,0.800239,0.8002469999999999,0.801624,0.800284,0.79995,powersave,powersave,powersave,powersave,powersave,powersave,powersave,powersave,0.0,3.5,2.0,2.6,3.5,2.9,3.5,3.2
2018-07-22T18:19:17+1000,157,1.000603098,0.9993972655079667,0.74119,0.7526900000000001,0.744695,0.745261,0.746211,0.733179,0.744503,0.746206,powersave,powersave,powersave,powersave,powersave,powersave,powersave,powersave,0.0,3.5,2.0,2.6,3.5,2.9,3.5,3.2
2018-07-22T18:19:18+1000,158,1.00061285,0.9993875253550861,0.699894,0.7000109999999999,0.700245,0.7001710000000001,0.700187,0.7012889999999999,0.700225,0.7003429999999999,powersave,powersave,powersave,powersave,powersave,powersave,powersave,powersave,0.0,3.5,2.0,2.6,3.5,2.9,3.5,3.3
2018-07-22T18:19:19+1000,159,1.000327301,0.9996728060908936,0.70038,0.7000149999999999,0.7002419999999999,0.659766,0.700254,0.701299,0.70012,0.7001609999999999,powersave,powersave,powersave,powersave,powersave,powersave,powersave,powersave,0.0,3.5,2.0,2.6,3.5,2.9,3.5,3.2
2018-07-22T18:19:20+1000,160,1.000398261,0.9996018975486805,0.700249,0.700005,0.700286,0.700302,0.7002269999999999,0.70163,0.700194,0.700335,powersave,powersave,powersave,powersave,powersave,powersave,powersave,powersave,0.0,3.5,2.0,2.6,3.5,2.9,3.5,3.2
2018-07-22T18:19:21+1000,161,1.000592142,0.9994082084246471,0.7275389999999999,0.70131,0.7002269999999999,0.700215,0.700083,0.701321,0.700261,0.700335,powersave,powersave,powersave,powersave,powersave,powersave,powersave,powersave,0.0,3.5,2.0,2.6,3.5,2.9,3.5,3.2
2018-07-22T18:19:22+1000,162,1.000617396,0.9993829849426283,0.7002849999999999,0.700009,0.700028,0.7002419999999999,0.700119,0.701203,0.699982,0.700097,powersave,powersave,powersave,powersave,powersave,powersave,powersave,powersave,0.0,3.5,2.0,2.6,3.5,2.9,3.5,3.2
2018-07-22T18:19:23+1000,163,1.000603426,0.9993969379033487,0.7495890000000001,0.743265,0.747255,0.747947,0.7476309999999999,0.761438,0.74707,0.745126,powersave,powersave,powersave,powersave,powersave,powersave,powersave,powersave,0.0,3.5,2.0,2.6,3.5,2.9,3.5,3.2
2018-07-22T18:19:24+1000,164,1.00061606,0.9993843192962544,0.700144,0.70001,0.700167,0.700155,0.69999,0.700799,0.7000270000000001,0.700221,powersave,powersave,powersave,powersave,powersave,powersave,powersave,powersave,0.0,3.5,2.0,2.7,3.5,2.9,3.5,3.3
2018-07-22T18:19:25+1000,165,1.000429877,0.9995703077148305,0.7001900000000001,0.700021,0.700123,0.7003550000000001,0.7001799999999999,0.700602,0.7001900000000001,0.700442,powersave,powersave,powersave,powersave,powersave,powersave,powersave,powersave,0.0,3.5,2.0,2.6,3.5,2.9,3.5,3.2
2018-07-22T18:19:26+1000,166,1.000288591,0.9997114922607371,0.700173,0.7000080000000001,0.700164,0.7003830000000001,0.700274,0.7015370000000001,0.7000700000000001,0.7002659999999999,powersave,powersave,powersave,powersave,powersave,powersave,powersave,powersave,0.0,3.5,2.0,2.6,3.5,2.9,3.5,3.2
2018-07-22T18:19:27+1000,167,1.000610638,0.9993897346512121,0.700251,0.700012,0.700307,0.700032,0.70033,0.7015560000000001,0.70032,0.700314,powersave,powersave,powersave,powersave,powersave,powersave,powersave,powersave,0.0,3.5,2.0,2.7,3.5,2.9,3.5,3.2
2018-07-22T18:19:28+1000,168,1.000605266,0.9993951001253275,0.700129,0.699999,0.700379,0.700175,0.700476,0.70131,0.7005,0.6848609999999999,powersave,powersave,powersave,powersave,powersave,powersave,powersave,powersave,0.0,3.5,2.0,2.6,3.5,2.9,3.5,3.2
2018-07-22T18:19:29+1000,169,1.000607307,0.9993930615979403,0.800224,0.800022,0.8001,0.8,0.800443,0.801674,0.80048,0.800098,powersave,powersave,powersave,powersave,powersave,powersave,powersave,powersave,0.0,3.5,2.0,2.7,3.5,2.9,3.5,3.2
2018-07-22T18:19:30+1000,170,1.000618007,0.9993823746967608,0.7001620000000001,0.700013,0.70033,0.700129,0.700452,0.701174,0.700348,0.700254,powersave,powersave,powersave,powersave,powersave,powersave,powersave,powersave,0.0,3.5,2.0,2.6,3.5,2.9,3.5,3.2
2018-07-22T18:19:31+1000,171,1.000618439,0.9993819432304106,0.700328,0.7000149999999999,0.700275,0.700111,0.700336,0.701558,0.7002200000000001,0.700443,powersave,powersave,powersave,powersave,powersave,powersave,powersave,powersave,0.0,3.5,2.0,2.6,3.5,2.9,3.5,3.2
2018-07-22T18:19:32+1000,172,1.000593374,0.9994069778839052,0.80023,0.800024,0.8000499999999999,0.800391,0.800149,0.80122,0.800192,0.800096,powersave,powersave,powersave,powersave,powersave,powersave,powersave,powersave,0.0,3.5,2.0,2.6,3.5,2.9,3.5,3.2
2018-07-22T18:19:33+1000,173,1.000616953,0.9993834273963176,0.7002039999999999,0.700006,0.700233,0.700279,0.700274,0.7016290000000001,0.700222,0.700324,powersave,powersave,powersave,powersave,powersave,powersave,powersave,powersave,0.0,3.5,2.0,2.6,3.5,2.9,3.5,3.2
2018-07-22T18:19:34+1000,174,1.000591371,0.9994089785129677,0.800181,0.800012,0.800398,0.800242,0.800344,0.8018200000000001,0.80062,0.800391,powersave,powersave,powersave,powersave,powersave,powersave,powersave,powersave,0.0,3.5,2.0,2.7,3.5,2.9,3.5,3.2
2018-07-22T18:19:35+1000,175,1.000617646,0.9993827352511031,0.6445420000000001,0.655969,0.6465259999999999,0.647312,0.6470520000000001,0.636205,0.6472319999999999,0.648807,powersave,powersave,powersave,powersave,powersave,powersave,powersave,powersave,0.0,3.5,2.0,2.7,3.5,2.9,3.5,3.1
2018-07-22T18:19:36+1000,176,1.000598175,0.9994021825994237,0.800314,0.800016,0.800297,0.80044,0.8001090000000001,0.801122,0.8003819999999999,0.8004370000000001,powersave,powersave,powersave,powersave,powersave,powersave,powersave,powersave,0.0,3.5,2.0,2.6,3.5,2.9,3.5,3.2
2018-07-22T18:19:37+1000,177,1.000110252,0.9998897601541634,0.80208,0.800046,0.8016380000000001,0.8013210000000001,0.8017580000000001,0.802277,0.8022039999999999,0.801768,powersave,powersave,powersave,powersave,powersave,powersave,powersave,powersave,0.0,3.5,2.0,2.8,3.5,2.9,3.5,3.2
2018-07-22T18:19:38+1000,178,1.000115861,0.9998841524222162,0.8003429999999999,0.8000309999999999,0.80125,0.800398,0.800398,0.80115,0.8015650000000001,0.800177,powersave,powersave,powersave,powersave,powersave,powersave,powersave,powersave,0.0,3.5,2.0,2.7,3.5,2.9,3.5,3.2
2018-07-22T18:19:39+1000,179,1.000495485,0.9995047603838012,0.6002540000000001,0.599998,0.600118,0.600529,0.600114,0.6000059999999999,0.6001040000000001,0.915968,powersave,powersave,powersave,powersave,powersave,powersave,powersave,powersave,0.0,3.5,2.0,2.7,3.5,2.9,3.5,3.3
2018-07-22T18:19:41+1000,180,1.000209998,0.9997900460899011,2.278546,1.721252,2.379715,2.297507,2.230902,2.27641,1.895034,2.3011,powersave,powersave,powersave,powersave,powersave,powersave,powersave,powersave,0.0,3.5,2.0,2.6,3.5,2.9,3.5,3.2
2018-07-22T18:19:42+1000,181,1.000436179,0.9995640111691722,2.167162,2.162465,2.148893,2.149473,2.149615,2.179501,2.266616,2.25603,powersave,powersave,powersave,powersave,powersave,powersave,powersave,powersave,0.0,3.5,2.0,2.6,3.5,2.9,3.5,3.2
2018-07-22T18:19:43+1000,182,1.000294884,0.9997052029309388,1.0851330000000001,1.016502,1.049771,0.959748,0.9626269999999999,1.010149,0.965386,0.952954,powersave,powersave,powersave,powersave,powersave,powersave,powersave,powersave,0.0,3.5,2.0,2.6,3.5,2.9,3.5,3.2
2018-07-22T18:19:44+1000,183,1.000587951,0.9994123944832513,0.901501,0.835799,0.893499,0.7893830000000001,0.785062,0.815055,0.849644,0.8465119999999999,powersave,powersave,powersave,powersave,powersave,powersave,powersave,powersave,0.0,3.5,2.0,2.7,3.5,2.9,3.5,3.2
2018-07-22T18:19:45+1000,184,1.000607455,0.9993929137775613,0.8001889999999999,0.800015,0.800356,0.800442,0.800342,0.802418,0.800388,0.800296,powersave,powersave,powersave,powersave,powersave,powersave,powersave,powersave,0.0,3.5,2.0,2.7,3.5,2.9,3.5,3.2
2018-07-22T18:19:46+1000,185,1.000612796,0.999387579288962,0.800355,0.800003,0.80025,0.800288,0.800395,0.8012079999999999,0.8002849999999999,0.8000940000000001,powersave,powersave,powersave,powersave,powersave,powersave,powersave,powersave,0.0,3.5,2.0,2.7,3.5,2.9,3.5,3.2
2018-07-22T18:19:47+1000,186,1.000212561,0.9997874841725767,0.741127,0.7396849999999999,0.741267,0.7814719999999999,0.793501,0.797907,0.7705270000000001,0.732016,powersave,powersave,powersave,powersave,powersave,powersave,powersave,powersave,0.0,3.5,2.0,2.7,3.5,2.9,3.5,3.2
2018-07-22T18:19:48+1000,187,1.000476064,0.9995241625290896,0.742115,0.753107,0.745143,0.744601,0.745302,0.735495,0.744823,0.746392,powersave,powersave,powersave,powersave,powersave,powersave,powersave,powersave,0.0,3.5,2.0,2.7,3.5,2.9,3.5,3.2
2018-07-22T18:19:49+1000,188,1.000273941,0.9997261340231195,0.700167,0.700013,0.7,0.700156,0.700159,0.70105,0.700168,0.700217,powersave,powersave,powersave,powersave,powersave,powersave,powersave,powersave,0.0,3.5,2.0,2.7,3.5,2.9,3.5,3.2
2018-07-22T18:19:50+1000,189,1.000644865,0.9993555505828734,1.965105,1.960858,1.9476410000000002,1.7755969999999999,1.776617,1.845633,1.787532,1.760281,powersave,powersave,powersave,powersave,powersave,powersave,powersave,powersave,0.0,3.5,2.0,2.7,3.5,2.9,3.5,3.2
2018-07-22T18:19:51+1000,190,1.000649066,0.9993513550134069,0.700185,0.700003,0.7001660000000001,0.70036,0.7002390000000001,0.7015800000000001,0.700315,0.700302,powersave,powersave,powersave,powersave,powersave,powersave,powersave,powersave,0.0,3.5,2.0,2.7,3.5,2.9,3.5,3.2
2018-07-22T18:19:52+1000,191,1.000635333,0.9993650703917328,0.800548,0.800016,0.8001,0.800246,0.8003429999999999,0.8008200000000001,0.8,0.800243,powersave,powersave,powersave,powersave,powersave,powersave,powersave,powersave,0.0,3.5,2.0,2.7,3.5,2.9,3.5,3.2
2018-07-22T18:19:53+1000,192,1.000631558,0.9993688406137596,0.700071,0.700013,0.700288,0.700309,0.7003579999999999,0.7012480000000001,0.700326,0.700352,powersave,powersave,powersave,powersave,powersave,powersave,powersave,powersave,0.0,3.5,2.0,2.6,3.5,2.9,3.5,3.2
2018-07-22T18:19:54+1000,193,1.000632101,0.9993682982992766,0.800224,0.800015,0.8,0.800246,0.800682,0.80163,0.80033,0.800391,powersave,powersave,powersave,powersave,powersave,powersave,powersave,powersave,0.0,3.45,2.0,2.6,3.5,2.9,3.5,3.2
2018-07-22T18:19:55+1000,194,1.00066345,0.999336989874068,0.644839,0.654842,0.646639,0.646987,0.647712,0.634803,0.6462319999999999,0.648323,powersave,powersave,powersave,powersave,powersave,powersave,powersave,powersave,0.0,3.5,2.0,2.7,3.5,2.9,3.5,3.2
2018-07-22T18:19:56+1000,195,1.000645086,0.999355329867677,1.383713,1.341051,1.34187,1.445201,1.338046,1.3741349999999999,1.3406669999999998,1.3371,powersave,powersave,powersave,powersave,powersave,powersave,powersave,powersave,0.0,3.5,2.0,2.7,3.5,2.9,3.5,3.2
2018-07-22T18:19:57+1000,196,1.000535005,0.9994652810772974,0.6001369999999999,0.60001,0.600432,0.600414,0.60023,0.601595,0.600226,0.60015,powersave,powersave,powersave,powersave,powersave,powersave,powersave,powersave,0.0,3.45,2.0,2.7,3.5,2.9,3.5,3.2
2018-07-22T18:19:58+1000,197,1.00060752,0.9993928488564627,0.851367,0.808494,0.800554,0.800485,0.8004450000000001,0.8014070000000001,0.800337,0.800098,powersave,powersave,powersave,powersave,powersave,powersave,powersave,powersave,0.0,3.5,2.0,2.7,3.5,2.9,3.5,3.2
2018-07-22T18:19:59+1000,198,1.000490394,0.9995098463683999,0.700231,0.700016,0.700374,0.7002619999999999,0.7003060000000001,0.7011499999999999,0.7,0.700318,powersave,powersave,powersave,powersave,powersave,powersave,powersave,powersave,0.0,3.5,2.0,2.7,3.5,2.9,3.5,3.2
2018-07-22T18:20:00+1000,199,1.00063402,0.9993663817266578,0.700342,0.700014,0.7001649999999999,0.7000940000000001,0.70025,0.7014199999999999,0.700192,0.70043,powersave,powersave,powersave,powersave,powersave,powersave,powersave,powersave,0.0,3.5,2.0,2.7,3.5,2.9,3.5,3.2
2018-07-22T18:20:01+1000,200,1.000648505,0.9993519152861773,0.700312,0.700009,0.700284,0.700148,0.7003400000000001,0.70136,0.700111,0.7002849999999999,powersave,powersave,powersave,powersave,powersave,powersave,powersave,powersave,0.0,3.5,2.0,2.7,3.4,2.9,3.4,3.2
2018-07-22T18:20:02+1000,201,1.00038814,0.9996120105942079,0.700221,0.7000069999999999,0.7001269999999999,0.700283,0.7001609999999999,0.701474,0.700327,0.7002039999999999,powersave,powersave,powersave,powersave,powersave,powersave,powersave,powersave,0.0,3.5,2.0,2.6,3.4,2.9,3.4,3.2
2018-07-22T18:20:03+1000,202,1.000669649,0.9993307991296936,0.700142,0.700012,0.700176,0.70009,0.700152,0.7012160000000001,0.700346,0.700309,powersave,powersave,powersave,powersave,powersave,powersave,powersave,powersave,0.0,3.5,2.0,2.7,3.4,2.9,3.4,3.2
2018-07-22T18:20:04+1000,203,1.000516958,0.9994833091074905,0.7001900000000001,0.70001,0.700167,0.7001090000000001,0.7001369999999999,0.701639,0.700206,0.700182,powersave,powersave,powersave,powersave,powersave,powersave,powersave,powersave,0.0,3.45,2.0,2.7,3.4,2.9,3.4,3.2
2018-07-22T18:20:05+1000,204,1.000631459,0.9993689394888393,0.600212,0.600011,0.6003959999999999,0.600262,0.600153,0.60146,0.60019,0.60038,powersave,powersave,powersave,powersave,powersave,powersave,powersave,powersave,0.0,3.5,2.0,2.7,3.4,2.9,3.4,3.2
2018-07-22T18:20:06+1000,205,1.00034033,0.9996597857851037,0.700145,0.700013,0.7003429999999999,0.700037,0.700055,0.701109,0.7000510000000001,0.700318,powersave,powersave,powersave,powersave,powersave,powersave,powersave,powersave,0.0,3.5,2.0,2.7,3.4,2.9,3.4,3.2
2018-07-22T18:20:07+1000,206,1.000661499,0.999338938291659,0.600172,0.600008,0.600391,0.600383,0.600465,0.6009880000000001,0.600305,0.600383,powersave,powersave,powersave,powersave,powersave,powersave,powersave,powersave,0.0,3.5,2.0,2.6,3.4,2.9,3.4,3.2
2018-07-22T18:20:08+1000,207,1.0006793,0.9993211611352408,0.700181,0.7000069999999999,0.700346,0.700195,0.700271,0.701024,0.700225,0.700217,powersave,powersave,powersave,powersave,powersave,powersave,powersave,powersave,0.0,3.45,2.0,2.7,3.4,2.9,3.4,3.3
2018-07-22T18:20:09+1000,208,1.00066266,0.9993377788274822,0.700295,0.7000069999999999,0.700194,0.700187,0.700246,0.7015370000000001,0.700203,0.7002670000000001,powersave,powersave,powersave,powersave,powersave,powersave,powersave,powersave,0.0,3.45,2.0,2.7,3.4,2.9,3.4,3.2
2018-07-22T18:20:10+1000,209,1.000682723,0.9993177427926874,0.700324,0.7000069999999999,0.700434,0.700212,0.700082,0.700625,0.700324,0.700259,powersave,powersave,powersave,powersave,powersave,powersave,powersave,powersave,0.0,3.5,2.0,2.7,3.4,2.9,3.4,3.2
2018-07-22T18:20:11+1000,210,1.000635709,0.9993646948691894,0.7003189999999999,0.7000109999999999,0.700369,0.700177,0.700259,0.7010460000000001,0.700173,0.700181,powersave,powersave,powersave,powersave,powersave,powersave,powersave,powersave,0.0,3.5,2.0,2.7,3.4,2.9,3.4,3.2
2018-07-22T18:20:12+1000,211,1.00070558,0.999294917492116,0.600324,0.600015,0.600157,0.600115,0.600268,0.601619,0.600457,0.600114,powersave,powersave,powersave,powersave,powersave,powersave,powersave,powersave,0.0,3.5,2.0,2.7,3.4,2.9,3.4,3.2
2018-07-22T18:20:13+1000,212,1.000629232,0.9993711636839328,0.700062,0.7000149999999999,0.7003429999999999,0.700077,0.700327,0.701233,0.700018,0.700134,powersave,powersave,powersave,powersave,powersave,powersave,powersave,powersave,0.0,3.5,2.0,2.7,3.5,2.9,3.5,3.3
2018-07-22T18:20:14+1000,213,1.000698408,0.9993020794333071,0.65428,0.644609,0.600157,0.600153,0.603975,0.607923,0.645356,0.64812,powersave,powersave,powersave,powersave,powersave,powersave,powersave,powersave,0.0,3.5,2.0,2.6,3.5,2.9,3.5,3.2
2018-07-22T18:20:15+1000,214,1.000654551,0.9993458771567612,0.644873,0.654512,0.6465510000000001,0.6462089999999999,0.692987,0.63512,0.646513,0.647778,powersave,powersave,powersave,powersave,powersave,powersave,powersave,powersave,0.0,3.5,2.0,2.7,3.5,2.9,3.5,3.2
2018-07-22T18:20:16+1000,215,1.000566193,0.9994341273931089,0.8398680000000001,0.734655,1.150832,1.140854,0.855684,0.610206,1.844621,1.974987,powersave,powersave,powersave,powersave,powersave,powersave,powersave,powersave,0.0,3.5,2.0,2.6,3.5,2.9,3.5,3.4
2018-07-22T18:20:18+1000,216,1.00012698,0.9998730361218732,2.300214,2.2861239999999996,2.298868,2.285961,2.2854319999999997,2.298806,2.299775,2.292234,powersave,powersave,powersave,powersave,powersave,powersave,powersave,powersave,0.0,3.5,2.0,2.6,3.5,2.9,3.5,3.2
2018-07-22T18:20:19+1000,217,1.000345767,0.9996543525134944,0.946356,0.957442,0.928485,0.932271,0.933825,1.020671,1.030464,1.18378,powersave,powersave,powersave,powersave,powersave,powersave,powersave,powersave,0.0,3.5,2.0,2.7,3.5,2.9,3.5,3.2
2018-07-22T18:20:20+1000,218,1.000449353,0.9995508488274268,0.800144,0.800012,0.8001929999999999,0.800535,0.800198,0.801485,0.800219,0.800239,powersave,powersave,powersave,powersave,powersave,powersave,powersave,powersave,0.0,3.5,2.0,2.6,3.5,2.9,3.5,3.2
2018-07-22T18:20:21+1000,219,1.000357608,0.9996425198377658,0.800227,0.800014,0.800554,0.800245,0.800342,0.8012319999999999,0.800242,0.8003920000000001,powersave,powersave,powersave,powersave,powersave,powersave,powersave,powersave,0.0,3.5,2.0,2.7,3.5,2.9,3.5,3.2
2018-07-22T18:20:22+1000,220,1.00017338,0.9998266500554135,0.800443,0.800001,0.8004199999999999,0.800549,0.800417,0.801535,0.800102,0.800354,powersave,powersave,powersave,powersave,powersave,powersave,powersave,powersave,0.0,3.5,2.0,2.7,3.5,2.9,3.5,3.2
2018-07-22T18:20:23+1000,221,1.000553685,0.9994466213974315,0.8003170000000001,0.800005,0.8004479999999999,0.800346,0.8001,0.802219,0.800242,0.800245,powersave,powersave,powersave,powersave,powersave,powersave,powersave,powersave,0.0,3.5,2.0,2.7,3.5,2.9,3.5,3.2
2018-07-22T18:20:24+1000,222,1.000609582,0.999390789363838,0.80018,0.800008,0.800399,0.80008,0.8000170000000001,0.801958,0.8001,0.800442,powersave,powersave,powersave,powersave,powersave,powersave,powersave,powersave,0.0,3.5,2.0,2.8,3.5,2.9,3.5,3.2
2018-07-22T18:20:25+1000,223,1.000400401,0.9995997592567938,0.800271,0.80002,0.8005019999999999,0.800539,0.800098,0.801648,0.8005760000000001,0.8003429999999999,powersave,powersave,powersave,powersave,powersave,powersave,powersave,powersave,0.0,3.5,2.0,3.0,3.5,2.9,3.5,3.2
2018-07-22T18:20:26+1000,224,1.000630007,0.9993703896589221,0.700389,0.700018,0.700388,0.7000879999999999,0.7002419999999999,0.701684,0.7003959999999999,0.700153,powersave,powersave,powersave,powersave,powersave,powersave,powersave,powersave,0.0,3.5,2.0,2.7,3.5,2.9,3.5,3.2
2018-07-22T18:20:27+1000,225,1.000327338,0.9996727691151035,0.7964049999999999,0.742524,0.746974,0.7827459999999999,0.7932380000000001,0.761817,0.7808010000000001,0.800345,powersave,powersave,powersave,powersave,powersave,powersave,powersave,powersave,0.0,3.5,2.0,2.7,3.5,2.9,3.5,3.2
2018-07-22T18:20:28+1000,226,1.00062947,0.9993709259832213,0.70021,0.700018,0.700095,0.7001900000000001,0.700055,0.701427,0.70017,0.70029,powersave,powersave,powersave,powersave,powersave,powersave,powersave,powersave,0.0,3.5,2.0,2.7,3.5,2.9,3.5,3.2
2018-07-22T18:20:29+1000,227,1.000608651,0.9993917192306985,0.800279,0.800015,0.800197,0.800529,0.800452,0.801836,0.8003859999999999,0.800097,powersave,powersave,powersave,powersave,powersave,powersave,powersave,powersave,0.0,3.5,2.0,2.7,3.5,2.9,3.5,3.2
2018-07-22T18:20:30+1000,228,1.00064319,0.9993572234274638,0.7002670000000001,0.700021,0.7001499999999999,0.700188,0.7003400000000001,0.7010080000000001,0.700314,0.700106,powersave,powersave,powersave,powersave,powersave,powersave,powersave,powersave,0.0,3.45,2.0,2.7,3.5,2.9,3.5,3.2
2018-07-22T18:20:31+1000,229,1.000653694,0.9993467330366944,0.7001900000000001,0.700018,0.700108,0.700352,0.700134,0.701029,0.700114,0.7002430000000001,powersave,powersave,powersave,powersave,powersave,powersave,powersave,powersave,0.0,3.45,2.0,2.7,3.5,2.9,3.5,3.2
2018-07-22T18:20:32+1000,230,1.000651069,0.9993493546150403,0.6001799999999999,0.60001,0.600195,0.600191,0.600466,0.60165,0.600075,0.600305,powersave,powersave,powersave,powersave,powersave,powersave,powersave,powersave,0.0,3.5,2.0,2.7,3.5,2.9,3.5,3.2
2018-07-22T18:20:33+1000,231,1.000622101,0.9993782857690447,0.700206,0.70001,0.700451,0.700167,0.70012,0.70166,0.7001649999999999,0.700245,powersave,powersave,powersave,powersave,powersave,powersave,powersave,powersave,0.0,3.5,2.0,2.7,3.5,2.9,3.5,3.2
2018-07-22T18:20:34+1000,232,1.000532366,0.9994679172627584,0.800226,0.800003,0.800348,0.800341,0.8001950000000001,0.801729,0.800238,0.800144,powersave,powersave,powersave,powersave,powersave,powersave,powersave,powersave,0.0,3.45,2.0,2.7,3.5,2.9,3.5,3.2
2018-07-22T18:20:35+1000,233,1.000611121,0.9993892522407815,0.851149,0.8089149999999999,0.800549,0.800344,0.800293,0.801044,0.800375,0.8003899999999999,powersave,powersave,powersave,powersave,powersave,powersave,powersave,powersave,0.0,3.5,2.0,2.6,3.5,2.9,3.5,3.2
2018-07-22T18:20:36+1000,234,1.000647352,0.999353066793505,0.7002390000000001,0.70001,0.700133,0.70023,0.70028,0.700849,0.7001649999999999,0.70012,powersave,powersave,powersave,powersave,powersave,powersave,powersave,powersave,0.0,3.45,2.0,2.7,3.4,2.9,3.4,3.3
2018-07-22T18:20:37+1000,235,1.00064165,0.9993587614507152,0.700341,0.7000080000000001,0.700095,0.700277,0.70014,0.701885,0.700076,0.700214,powersave,powersave,powersave,powersave,powersave,powersave,powersave,powersave,0.0,3.5,2.0,2.7,3.4,2.9,3.4,3.2
2018-07-22T18:20:38+1000,236,1.000630916,0.9993694818040182,0.700017,0.7000190000000001,0.7001620000000001,0.700188,0.700385,0.701584,0.700207,0.700131,powersave,powersave,powersave,powersave,powersave,powersave,powersave,powersave,0.0,3.5,2.0,2.7,3.4,2.9,3.4,3.1
2018-07-22T18:20:39+1000,237,1.000431304,0.9995688819429426,0.651937,0.6420750000000001,0.6489510000000001,0.649714,0.64847,0.661212,0.685731,0.6483390000000001,powersave,powersave,powersave,powersave,powersave,powersave,powersave,powersave,0.0,3.5,2.0,2.7,3.4,2.9,3.4,3.2
2018-07-22T18:20:40+1000,238,1.000641521,0.9993588902853453,0.700173,0.700017,0.7003039999999999,0.70026,0.700042,0.701214,0.700221,0.700427,powersave,powersave,powersave,powersave,powersave,powersave,powersave,powersave,0.0,3.45,2.0,2.7,3.4,2.9,3.4,3.2
2018-07-22T18:20:41+1000,239,1.000648052,0.9993523676994076,0.7001689999999999,0.70002,0.70028,0.700101,0.700087,0.7013550000000001,0.700121,0.7001609999999999,powersave,powersave,powersave,powersave,powersave,powersave,powersave,powersave,0.0,3.5,2.0,2.7,3.4,2.9,3.4,3.2
2018-07-22T18:20:42+1000,240,1.000500397,0.9994998532719224,0.800137,0.80001,0.80035,0.800078,0.8004450000000001,0.80159,0.800239,0.80034,powersave,powersave,powersave,powersave,powersave,powersave,powersave,powersave,0.0,3.5,2.0,2.7,3.4,2.9,3.4,3.2
2018-07-22T18:20:43+1000,241,1.000147221,0.9998528006708325,0.797593,0.785865,0.702422,0.743968,0.797194,0.7475080000000001,0.785868,0.8001050000000001,powersave,powersave,powersave,powersave,powersave,powersave,powersave,powersave,0.0,3.5,2.0,2.7,3.4,2.9,3.4,3.2
2018-07-22T18:20:44+1000,242,1.00015837,0.9998416550770853,0.800024,0.8000879999999999,0.800006,0.800014,0.800004,0.800022,0.800029,0.800012,powersave,powersave,powersave,powersave,powersave,powersave,powersave,powersave,0.0,3.5,2.0,2.7,3.4,2.9,3.4,3.2
2018-07-22T18:20:45+1000,243,1.000626667,0.9993737254655838,0.700296,0.700017,0.700078,0.700407,0.700057,0.701434,0.7003619999999999,0.700213,powersave,powersave,powersave,powersave,powersave,powersave,powersave,powersave,0.0,3.5,2.0,2.7,3.4,2.9,3.4,3.2
2018-07-22T18:20:46+1000,244,1.000624699,0.9993756910052046,0.600212,0.600017,0.600235,0.6002670000000001,0.600269,0.6014160000000001,0.600262,0.600229,powersave,powersave,powersave,powersave,powersave,powersave,powersave,powersave,0.0,3.5,2.0,2.7,3.4,2.9,3.4,3.2
2018-07-22T18:20:47+1000,245,1.000622386,0.9993780011233927,0.7003809999999999,0.70001,0.700036,0.700194,0.7001130000000001,0.7015750000000001,0.700126,0.700099,powersave,powersave,powersave,powersave,powersave,powersave,powersave,powersave,0.0,3.5,2.0,2.7,3.5,2.9,3.5,3.2
2018-07-22T18:20:48+1000,246,1.000210408,0.9997896362622133,0.699991,0.700013,0.7002,0.7000689999999999,0.700014,0.70009,0.7001069999999999,0.700025,powersave,powersave,powersave,powersave,powersave,powersave,powersave,powersave,0.0,3.5,2.0,2.7,3.5,2.9,3.5,3.2
2018-07-22T18:20:49+1000,247,1.00017536,0.999824670745738,0.600143,0.600018,0.600028,0.60034,0.600197,0.6014349999999999,0.601226,0.600443,powersave,powersave,powersave,powersave,powersave,powersave,powersave,powersave,0.0,3.5,2.0,2.7,3.5,2.9,3.5,3.2
2018-07-22T18:20:50+1000,248,1.000660831,0.9993396054092178,0.600182,0.600011,0.6002770000000001,0.6003390000000001,0.600115,0.601727,0.600264,0.6002670000000001,powersave,powersave,powersave,powersave,powersave,powersave,powersave,powersave,0.0,3.5,2.0,2.7,3.5,2.9,3.5,3.2
2018-07-22T18:20:51+1000,249,1.000498645,0.9995016035229114,0.700172,0.700014,0.700348,0.700213,0.700336,0.7015220000000001,0.70036,0.7003659999999999,powersave,powersave,powersave,powersave,powersave,powersave,powersave,powersave,0.0,3.5,2.0,2.7,3.5,2.9,3.5,3.2
2018-07-22T18:20:52+1000,250,1.000492457,0.999507785394528,0.600146,0.600028,0.625797,0.600195,0.60027,0.601245,0.600088,0.600225,powersave,powersave,powersave,powersave,powersave,powersave,powersave,powersave,0.0,3.5,2.0,2.7,3.5,2.9,3.5,3.2
2018-07-22T18:20:54+1000,251,1.000147536,0.9998524857636603,1.533674,1.750826,1.8025499999999999,1.973479,1.751633,2.370292,1.857543,2.292672,powersave,powersave,powersave,powersave,powersave,powersave,powersave,powersave,0.0,3.45,2.0,2.7,3.5,2.9,3.5,3.2
2018-07-22T18:20:55+1000,252,1.000341387,0.9996587295053104,2.003875,2.0012090000000002,1.86642,1.749249,1.757423,1.896504,1.96701,1.7453830000000001,powersave,powersave,powersave,powersave,powersave,powersave,powersave,powersave,0.0,3.5,2.0,2.6,3.5,2.9,3.5,3.2
2018-07-22T18:20:56+1000,253,1.000333046,0.9996670648827092,1.083021,1.134602,0.986968,0.991068,0.9988440000000001,1.105613,1.121341,0.995867,powersave,powersave,powersave,powersave,powersave,powersave,powersave,powersave,0.0,3.5,2.0,2.7,3.5,2.9,3.5,3.2
2018-07-22T18:20:57+1000,254,1.000607496,0.9993928728273289,1.043069,1.0467629999999999,1.022267,1.082674,1.0641980000000002,1.085807,1.024184,1.0172269999999999,powersave,powersave,powersave,powersave,powersave,powersave,powersave,powersave,0.0,3.5,2.0,2.7,3.5,2.9,3.5,3.2
2018-07-22T18:20:58+1000,255,1.000627132,0.9993732610480525,0.7003440000000001,0.7000069999999999,0.70027,0.7001029999999999,0.70024,0.7002999999999999,0.700181,0.700233,powersave,powersave,powersave,powersave,powersave,powersave,powersave,powersave,0.0,3.5,2.0,2.7,3.5,2.9,3.5,3.3
2018-07-22T18:20:59+1000,256,1.000263203,0.9997368662575904,0.7031609999999999,0.719748,0.7511509999999999,0.700086,0.700105,0.701288,0.700034,0.701384,powersave,powersave,powersave,powersave,powersave,powersave,powersave,powersave,0.0,3.45,2.0,2.7,3.5,2.9,3.5,3.2
2018-07-22T18:21:00+1000,257,1.00059531,0.9994050441831474,0.852912,0.846664,0.850135,0.8489070000000001,0.848169,0.861716,0.848804,0.845932,powersave,powersave,powersave,powersave,powersave,powersave,powersave,powersave,0.0,3.5,2.0,2.6,3.5,2.9,3.5,3.2
2018-07-22T18:21:01+1000,258,1.000612733,0.9993876422118245,0.800362,0.800016,0.800249,0.800338,0.8003490000000001,0.801037,0.8003790000000001,0.8002469999999999,powersave,powersave,powersave,powersave,powersave,powersave,powersave,powersave,0.0,3.5,2.0,2.7,3.5,2.9,3.5,3.2
2018-07-22T18:21:02+1000,259,1.000498718,0.9995015305956644,1.9612550000000002,1.960305,1.94648,1.862911,1.764965,1.831165,1.773576,1.7548540000000001,powersave,powersave,powersave,powersave,powersave,powersave,powersave,powersave,0.0,3.5,2.0,2.7,3.4,2.9,3.4,3.2
2018-07-22T18:21:03+1000,260,1.000639223,0.9993611853450202,0.700256,0.700013,0.700295,0.700259,0.7003039999999999,0.7014109999999999,0.700409,0.7001069999999999,powersave,powersave,powersave,powersave,powersave,powersave,powersave,powersave,0.0,3.5,2.0,2.7,3.4,2.9,3.4,3.2
2018-07-22T18:21:04+1000,261,1.000629976,0.9993704206198997,0.64551,0.653475,0.646522,0.646726,0.6468959999999999,0.6357780000000001,0.646077,0.6481950000000001,powersave,powersave,powersave,powersave,powersave,powersave,powersave,powersave,0.0,3.5,2.0,2.7,3.4,2.9,3.4,3.2
2018-07-22T18:21:05+1000,262,1.000344193,0.999655925428059,1.235366,1.23865,1.446119,1.108801,1.47423,1.2411990000000002,1.470673,1.104489,powersave,powersave,powersave,powersave,powersave,powersave,powersave,powersave,0.0,3.5,2.0,2.6,3.4,2.9,3.4,3.2
2018-07-22T18:21:06+1000,263,1.000211192,0.9997888525926432,0.700164,0.7000109999999999,0.700307,0.700308,0.700302,0.701382,0.700142,0.700268,powersave,powersave,powersave,powersave,powersave,powersave,powersave,powersave,0.0,3.5,2.0,2.7,3.4,2.9,3.4,3.2
2018-07-22T18:21:07+1000,264,1.000245473,0.9997545872422058,0.8000539999999999,0.800024,0.8002509999999999,0.800074,0.800664,0.801572,0.800087,0.8003490000000001,powersave,powersave,powersave,powersave,powersave,powersave,powersave,powersave,0.0,3.5,2.0,2.7,3.4,2.9,3.4,3.3
2018-07-22T18:21:08+1000,265,1.000367425,0.999632709951546,0.736566,0.752875,0.7452219999999999,0.745425,0.745111,0.7341559999999999,0.7435170000000001,0.747368,powersave,powersave,powersave,powersave,powersave,powersave,powersave,powersave,0.0,3.5,2.0,2.7,3.4,2.9,3.4,3.2
2018-07-22T18:21:09+1000,266,1.000619754,0.9993806298571236,0.70026,0.700009,0.700307,0.700192,0.699967,0.714995,0.744758,0.744929,powersave,powersave,powersave,powersave,powersave,powersave,powersave,powersave,0.0,3.5,2.0,2.7,3.4,2.9,3.4,3.2
2018-07-22T18:21:10+1000,267,1.000367953,0.9996321823396116,0.8002670000000001,0.800025,0.800299,0.800196,0.800197,0.801922,0.8002870000000001,0.8004370000000001,powersave,powersave,powersave,powersave,powersave,powersave,powersave,powersave,0.0,3.45,2.0,2.6,3.4,2.9,3.4,3.2
2018-07-22T18:21:11+1000,268,1.000643841,0.9993565732645128,0.600105,0.600007,0.600355,0.600231,0.600248,0.601235,0.60011,0.6000570000000001,powersave,powersave,powersave,powersave,powersave,powersave,powersave,powersave,0.0,3.5,2.0,2.6,3.4,2.9,3.4,3.2
2018-07-22T18:21:12+1000,269,1.000646403,0.999354014566922,0.644251,0.645969,0.600274,0.60042,0.600308,0.6356499999999999,0.6468160000000001,0.6488339999999999,powersave,powersave,powersave,powersave,powersave,powersave,powersave,powersave,0.0,3.5,2.0,2.7,3.4,2.9,3.4,3.2
2018-07-22T18:21:13+1000,270,1.00063312,0.9993672805873145,0.700191,0.700014,0.700155,0.700418,0.70031,0.701346,0.700331,0.7000810000000001,powersave,powersave,powersave,powersave,powersave,powersave,powersave,powersave,0.0,3.5,2.0,2.6,3.4,2.9,3.4,3.2
2018-07-22T18:21:14+1000,271,1.000345,0.9996551189839505,0.799184,0.8000069999999999,0.800346,0.800089,0.800106,0.800067,0.800095,0.800245,powersave,powersave,powersave,powersave,powersave,powersave,powersave,powersave,0.0,3.5,2.0,2.7,3.4,2.9,3.4,3.2
2018-07-22T18:21:15+1000,272,1.000364661,0.9996354719291707,0.786042,0.7428170000000001,0.747593,0.7476090000000001,0.746548,0.761349,0.7478429999999999,0.745816,powersave,powersave,powersave,powersave,powersave,powersave,powersave,powersave,0.0,3.5,2.0,2.7,3.4,2.9,3.4,3.2
2018-07-22T18:21:16+1000,273,1.000324881,0.9996752245133849,0.600249,0.600014,0.600236,0.600076,0.600449,0.601163,0.6005159999999999,0.6001920000000001,powersave,powersave,powersave,powersave,powersave,powersave,powersave,powersave,0.0,3.5,2.0,2.7,3.4,2.9,3.4,3.2
2018-07-22T18:21:17+1000,274,1.000630405,0.9993699921600925,0.700072,0.7000040000000001,0.7001710000000001,0.700209,0.700374,0.7014210000000001,0.700187,0.70021,powersave,powersave,powersave,powersave,powersave,powersave,powersave,powersave,0.0,3.5,2.0,2.6,3.4,2.9,3.4,3.2
2018-07-22T18:21:18+1000,275,1.000627253,0.9993731401996904,0.700188,0.7000109999999999,0.7003579999999999,0.700387,0.7002,0.701688,0.700215,0.7002630000000001,powersave,powersave,powersave,powersave,powersave,powersave,powersave,powersave,0.0,3.5,2.0,2.6,3.5,2.9,3.5,3.2
2018-07-22T18:21:19+1000,276,1.000624801,0.9993755891325343,0.700269,0.700024,0.700021,0.700234,0.7001369999999999,0.7000259999999999,0.700014,0.700151,powersave,powersave,powersave,powersave,powersave,powersave,powersave,powersave,0.0,3.5,2.0,2.6,3.5,2.9,3.5,3.2
2018-07-22T18:21:20+1000,277,1.000651202,0.9993492217880732,0.500447,0.500011,0.500326,0.500339,0.500235,0.50076,0.500124,0.500185,powersave,powersave,powersave,powersave,powersave,powersave,powersave,powersave,0.0,3.5,2.0,2.7,3.5,2.9,3.5,3.2
2018-07-22T18:21:21+1000,278,1.000333332,0.9996667790731979,0.8003089999999999,0.80001,0.80015,0.8003920000000001,0.8004479999999999,0.8014199999999999,0.800289,0.800393,powersave,powersave,powersave,powersave,powersave,powersave,powersave,powersave,0.0,3.5,2.0,2.6,3.5,2.9,3.5,3.2
2018-07-22T18:21:22+1000,279,1.000499202,0.9995010470782963,0.700274,0.700014,0.7002780000000001,0.7003010000000001,0.700553,0.701331,0.7003440000000001,0.700477,powersave,powersave,powersave,powersave,powersave,powersave,powersave,powersave,0.0,3.5,2.0,2.7,3.5,2.9,3.5,3.2
2018-07-22T18:21:23+1000,280,1.000327019,0.9996730879064659,0.800269,0.800003,0.800454,0.800348,0.800198,0.801359,0.8001050000000001,0.800246,powersave,powersave,powersave,powersave,powersave,powersave,powersave,powersave,0.0,3.5,2.0,2.7,3.5,2.9,3.5,3.2
2018-07-22T18:21:24+1000,281,1.000608725,0.9993916453207021,0.800041,0.80002,0.800019,0.800042,0.800022,0.800039,0.8000259999999999,0.8000130000000001,powersave,powersave,powersave,powersave,powersave,powersave,powersave,powersave,0.0,3.5,2.0,2.7,3.5,2.9,3.5,3.2
2018-07-22T18:21:25+1000,282,1.0005268,0.9994734773721203,0.700269,0.700013,0.700354,0.700101,0.70041,0.7010190000000001,0.699995,0.7002659999999999,powersave,powersave,powersave,powersave,powersave,powersave,powersave,powersave,0.0,3.5,2.0,2.7,3.5,2.9,3.5,3.2
2018-07-22T18:21:26+1000,283,1.000613326,0.9993870499382095,0.700307,0.700006,0.7001860000000001,0.700176,0.700168,0.701307,0.7002010000000001,0.700193,powersave,powersave,powersave,powersave,powersave,powersave,powersave,powersave,0.0,3.5,2.0,2.6,3.5,2.9,3.5,3.2
2018-07-22T18:21:27+1000,284,1.000640667,0.9993597431914087,0.700233,0.7000190000000001,0.7000890000000001,0.700111,0.7003440000000001,0.7008220000000001,0.700087,0.7002970000000001,powersave,powersave,powersave,powersave,powersave,powersave,powersave,powersave,0.0,3.5,2.0,2.6,3.5,2.9,3.5,3.2
2018-07-22T18:21:28+1000,285,1.000422604,0.9995775745186981,0.700268,0.700006,0.700393,0.700102,0.7000299999999999,0.7001069999999999,0.700102,0.700269,powersave,powersave,powersave,powersave,powersave,powersave,powersave,powersave,0.0,3.45,2.0,2.7,3.5,2.9,3.5,3.2
2018-07-22T18:21:29+1000,286,1.000617304,0.9993830768291412,1.566951,0.845573,1.0003980000000001,2.191596,2.2543420000000003,2.113549,1.424234,0.9457340000000001,powersave,powersave,powersave,powersave,powersave,powersave,powersave,powersave,0.0,3.5,2.0,2.7,3.5,2.9,3.5,3.3
2018-07-22T18:21:31+1000,287,1.00017913,0.9998209020818101,1.7002940000000002,1.700066,1.70004,1.7003199999999998,1.700026,1.700371,1.700014,1.7001890000000002,powersave,powersave,powersave,powersave,powersave,powersave,powersave,powersave,0.0,3.5,2.0,2.6,3.5,2.9,3.5,3.2
2018-07-22T18:21:32+1000,288,1.00035494,0.9996451859377032,1.865206,1.8586179999999999,1.846699,1.84428,1.8524960000000001,1.884967,1.8685809999999998,1.83952,powersave,powersave,powersave,powersave,powersave,powersave,powersave,powersave,0.0,3.5,2.0,2.6,3.5,2.9,3.5,3.2
2018-07-22T18:21:33+1000,289,1.000588353,0.9994119929557086,0.9518070000000001,0.82312,0.800203,0.74807,0.798721,0.801905,0.800387,0.800493,powersave,powersave,powersave,powersave,powersave,powersave,powersave,powersave,0.0,3.5,2.0,2.6,3.5,2.9,3.5,3.2
2018-07-22T18:21:34+1000,290,1.000594858,0.9994054956456713,1.24959,1.24428,1.024075,1.021975,1.018446,1.105547,1.025472,1.01489,powersave,powersave,powersave,powersave,powersave,powersave,powersave,powersave,0.0,3.5,2.0,2.7,3.5,2.9,3.5,3.2
2018-07-22T18:21:35+1000,291,1.00049479,0.9995054546960709,0.699126,0.700029,0.700014,0.70002,0.7000460000000001,0.700118,0.698915,0.6998840000000001,powersave,powersave,powersave,powersave,powersave,powersave,powersave,powersave,0.0,3.5,2.0,2.6,3.4,2.9,3.4,3.2
2018-07-22T18:21:36+1000,292,1.0005939,0.9994064525078556,0.744259,0.702062,0.700121,0.700321,0.7002010000000001,0.70116,0.700055,0.700293,powersave,powersave,powersave,powersave,powersave,powersave,powersave,powersave,0.0,3.5,2.0,2.7,3.4,2.9,3.4,3.2
2018-07-22T18:21:37+1000,293,1.000621026,0.9993793594339283,0.700332,0.7000019999999999,0.7001539999999999,0.700255,0.700235,0.701177,0.700235,0.700236,powersave,powersave,powersave,powersave,powersave,powersave,powersave,powersave,0.0,3.5,2.0,2.7,3.4,2.9,3.4,3.2
2018-07-22T18:21:38+1000,294,1.000115834,0.9998841794159615,3.3987420000000004,3.394563,3.385177,3.403391,3.400529,3.405843,3.400088,3.399199,powersave,powersave,powersave,powersave,powersave,powersave,powersave,powersave,0.0,3.5,2.0,2.7,3.4,2.9,3.4,4.2
